layout,teacher_mean_nrmse,teacher_worst_nrmse,teacher_fitness,source_file,source_name,parse_mode,priority,row_index,mean_col,worst_col,fitness_col,teacher_rank_known,x_mask
DOF3-DOF8-DOF14-DOF19,0.0524821613721187,0.2695783010955749,19.054093311640912,F:\stt\传感器优化\ga_pc_vs_20dof_stage5_results\combined_clean_mask_ranking.csv,combined_clean_mask_ranking.csv,mask_name:dof-prefix,1,0,mean_unmon_nrmse,worst_unmon_nrmse,,1,00100001000001000010
DOF3-DOF8-DOF14-DOF18,0.0536656726602194,0.277318441866422,18.63388550652852,F:\stt\传感器优化\ga_pc_vs_20dof_stage5_results\combined_clean_mask_ranking.csv,combined_clean_mask_ranking.csv,mask_name:dof-prefix,1,1,mean_unmon_nrmse,worst_unmon_nrmse,,2,00100001000001000100
DOF3-DOF8-DOF14-DOF20,0.0544642583883805,0.2723132781362816,18.360664949308866,F:\stt\传感器优化\ga_pc_vs_20dof_stage5_results\combined_clean_mask_ranking.csv,combined_clean_mask_ranking.csv,mask_name:dof-prefix,1,2,mean_unmon_nrmse,worst_unmon_nrmse,,3,00100001000001000001
DOF3-DOF8-DOF13-DOF18,0.0545130045619644,0.2889797304376595,18.344246625499526,F:\stt\传感器优化\ga_pc_vs_20dof_stage5_results\combined_clean_mask_ranking.csv,combined_clean_mask_ranking.csv,mask_name:dof-prefix,1,3,mean_unmon_nrmse,worst_unmon_nrmse,,4,00100001000010000100
DOF3-DOF8-DOF13-DOF19,0.0554953650839007,0.2883995118994325,18.01952286411901,F:\stt\传感器优化\ga_pc_vs_20dof_stage5_results\combined_clean_mask_ranking.csv,combined_clean_mask_ranking.csv,mask_name:dof-prefix,1,4,mean_unmon_nrmse,worst_unmon_nrmse,,5,00100001000010000010
DOF2-DOF7-DOF13-DOF18,0.0563167170038245,0.3254633573949914,17.756716889486523,F:\stt\传感器优化\ga_pc_vs_20dof_stage5_results\combined_clean_mask_ranking.csv,combined_clean_mask_ranking.csv,mask_name:dof-prefix,1,5,mean_unmon_nrmse,worst_unmon_nrmse,,6,01000010000010000100
DOF3-DOF9-DOF14-DOF19,0.0564387283236225,0.261033802780865,17.718329765480036,F:\stt\传感器优化\ga_pc_vs_20dof_stage5_results\combined_clean_mask_ranking.csv,combined_clean_mask_ranking.csv,mask_name:dof-prefix,1,6,mean_unmon_nrmse,worst_unmon_nrmse,,7,00100000100001000010
DOF3-DOF8-DOF12-DOF18,0.056508842348557,0.3128247507757545,17.696345534989348,F:\stt\传感器优化\ga_pc_vs_20dof_stage5_results\combined_clean_mask_ranking.csv,combined_clean_mask_ranking.csv,mask_name:dof-prefix,1,7,mean_unmon_nrmse,worst_unmon_nrmse,,8,00100001000100000100
DOF3-DOF9-DOF13-DOF19,0.05655878869383,0.2850041656657392,17.680718117844158,F:\stt\传感器优化\ga_pc_vs_20dof_stage5_results\combined_clean_mask_ranking.csv,combined_clean_mask_ranking.csv,mask_name:dof-prefix,1,8,mean_unmon_nrmse,worst_unmon_nrmse,,9,00100000100010000010
DOF2-DOF7-DOF13-DOF19,0.0566366349217348,0.3259729476151301,17.656416228898955,F:\stt\传感器优化\ga_pc_vs_20dof_stage5_results\combined_clean_mask_ranking.csv,combined_clean_mask_ranking.csv,mask_name:dof-prefix,1,9,mean_unmon_nrmse,worst_unmon_nrmse,,10,01000010000010000010
DOF3-DOF9-DOF14-DOF20,0.0567028418397772,0.2638150352754407,17.63580038559657,F:\stt\传感器优化\ga_pc_vs_20dof_stage5_results\combined_clean_mask_ranking.csv,combined_clean_mask_ranking.csv,mask_name:dof-prefix,1,10,mean_unmon_nrmse,worst_unmon_nrmse,,11,00100000100001000001
DOF3-DOF9-DOF14-DOF18,0.0582263676375167,0.2690889131152133,17.174349707133384,F:\stt\传感器优化\ga_pc_vs_20dof_stage5_results\combined_clean_mask_ranking.csv,combined_clean_mask_ranking.csv,mask_name:dof-prefix,1,11,mean_unmon_nrmse,worst_unmon_nrmse,,12,00100000100001000100
DOF4-DOF9-DOF15-DOF19,0.0586091118112038,0.2633335153026939,17.062193387339075,F:\stt\传感器优化\ga_pc_vs_20dof_stage5_results\combined_clean_mask_ranking.csv,combined_clean_mask_ranking.csv,mask_name:dof-prefix,1,12,mean_unmon_nrmse,worst_unmon_nrmse,,13,00010000100000100010
DOF3-DOF9-DOF15-DOF19,0.0587105241498781,0.2644532157807331,17.03272138109575,F:\stt\传感器优化\ga_pc_vs_20dof_stage5_results\combined_clean_mask_ranking.csv,combined_clean_mask_ranking.csv,mask_name:dof-prefix,1,13,mean_unmon_nrmse,worst_unmon_nrmse,,14,00100000100000100010
DOF3-DOF8-DOF13-DOF17,0.0590499126140651,0.311447160362942,16.934826077030895,F:\stt\传感器优化\ga_pc_vs_20dof_stage5_results\combined_clean_mask_ranking.csv,combined_clean_mask_ranking.csv,mask_name:dof-prefix,1,14,mean_unmon_nrmse,worst_unmon_nrmse,,15,00100001000010001000
DOF2-DOF8-DOF13-DOF19,0.0590738780682722,0.3073710320714036,16.927955852625136,F:\stt\传感器优化\ga_pc_vs_20dof_stage5_results\combined_clean_mask_ranking.csv,combined_clean_mask_ranking.csv,mask_name:dof-prefix,1,15,mean_unmon_nrmse,worst_unmon_nrmse,,16,01000001000010000010
DOF2-DOF8-DOF14-DOF19,0.0593888200051136,0.2902610502590923,16.83818604069012,F:\stt\传感器优化\ga_pc_vs_20dof_stage5_results\combined_clean_mask_ranking.csv,combined_clean_mask_ranking.csv,mask_name:dof-prefix,1,16,mean_unmon_nrmse,worst_unmon_nrmse,,17,01000001000001000010
DOF4-DOF9-DOF14-DOF19,0.0593898892039577,0.2603428912537608,16.837882902070188,F:\stt\传感器优化\ga_pc_vs_20dof_stage5_results\combined_clean_mask_ranking.csv,combined_clean_mask_ranking.csv,mask_name:dof-prefix,1,17,mean_unmon_nrmse,worst_unmon_nrmse,,18,00010000100001000010
DOF2-DOF8-DOF14-DOF18,0.059497880454622,0.2970554042983499,16.807321409472312,F:\stt\传感器优化\ga_pc_vs_20dof_stage5_results\combined_clean_mask_ranking.csv,combined_clean_mask_ranking.csv,mask_name:dof-prefix,1,18,mean_unmon_nrmse,worst_unmon_nrmse,,19,01000001000001000100
DOF2-DOF9-DOF14-DOF19,0.0598191310940431,0.288706831482497,16.71705993875369,F:\stt\传感器优化\ga_pc_vs_20dof_stage5_results\combined_clean_mask_ranking.csv,combined_clean_mask_ranking.csv,mask_name:dof-prefix,1,19,mean_unmon_nrmse,worst_unmon_nrmse,,20,01000000100001000010
DOF3-DOF8-DOF15-DOF19,0.0598868283529034,0.2751213785860584,16.69816264255077,F:\stt\传感器优化\ga_pc_vs_20dof_stage5_results\combined_clean_mask_ranking.csv,combined_clean_mask_ranking.csv,mask_name:dof-prefix,1,20,mean_unmon_nrmse,worst_unmon_nrmse,,21,00100001000000100010
DOF4-DOF8-DOF14-DOF19,0.0601085792099075,0.2750889586888112,16.636560256918145,F:\stt\传感器优化\ga_pc_vs_20dof_stage5_results\combined_clean_mask_ranking.csv,combined_clean_mask_ranking.csv,mask_name:dof-prefix,1,21,mean_unmon_nrmse,worst_unmon_nrmse,,22,00010001000001000010
DOF2-DOF9-DOF15-DOF19,0.0603372375737583,0.2909715337494398,16.573513143703213,F:\stt\传感器优化\ga_pc_vs_20dof_stage5_results\combined_clean_mask_ranking.csv,combined_clean_mask_ranking.csv,mask_name:dof-prefix,1,22,mean_unmon_nrmse,worst_unmon_nrmse,,23,01000000100000100010
DOF3-DOF8-DOF13-DOF20,0.0604168569786879,0.2964715434026294,16.551672000021437,F:\stt\传感器优化\ga_pc_vs_20dof_stage5_results\combined_clean_mask_ranking.csv,combined_clean_mask_ranking.csv,mask_name:dof-prefix,1,23,mean_unmon_nrmse,worst_unmon_nrmse,,24,00100001000010000001
DOF3-DOF7-DOF13-DOF19,0.0608133900947956,0.3190585502055929,16.44374698441842,F:\stt\传感器优化\ga_pc_vs_20dof_stage5_results\combined_clean_mask_ranking.csv,combined_clean_mask_ranking.csv,mask_name:dof-prefix,1,24,mean_unmon_nrmse,worst_unmon_nrmse,,25,00100010000010000010
DOF3-DOF8-DOF15-DOF20,0.0610967182915202,0.275705583423562,16.367491216339612,F:\stt\传感器优化\ga_pc_vs_20dof_stage5_results\combined_clean_mask_ranking.csv,combined_clean_mask_ranking.csv,mask_name:dof-prefix,1,25,mean_unmon_nrmse,worst_unmon_nrmse,,26,00100001000000100001
DOF4-DOF8-DOF13-DOF19,0.061114050364613,0.2939010963830556,16.362849361440283,F:\stt\传感器优化\ga_pc_vs_20dof_stage5_results\combined_clean_mask_ranking.csv,combined_clean_mask_ranking.csv,mask_name:dof-prefix,1,26,mean_unmon_nrmse,worst_unmon_nrmse,,27,00010001000010000010
DOF2-DOF9-DOF14-DOF20,0.0611227763262092,0.2916171107798267,16.360513381242527,F:\stt\传感器优化\ga_pc_vs_20dof_stage5_results\combined_clean_mask_ranking.csv,combined_clean_mask_ranking.csv,mask_name:dof-prefix,1,27,mean_unmon_nrmse,worst_unmon_nrmse,,28,01000000100001000001
DOF3-DOF9-DOF15-DOF20,0.0612663698340454,0.2648220890344081,16.322168306893598,F:\stt\传感器优化\ga_pc_vs_20dof_stage5_results\combined_clean_mask_ranking.csv,combined_clean_mask_ranking.csv,mask_name:dof-prefix,1,28,mean_unmon_nrmse,worst_unmon_nrmse,,29,00100000100000100001
DOF4-DOF7-DOF13-DOF19,0.0613352217658647,0.3254205583481634,16.303845835937498,F:\stt\传感器优化\ga_pc_vs_20dof_stage5_results\combined_clean_mask_ranking.csv,combined_clean_mask_ranking.csv,mask_name:dof-prefix,1,29,mean_unmon_nrmse,worst_unmon_nrmse,,30,00010010000010000010
DOF4-DOF9-DOF14-DOF20,0.0618209784271314,0.2631725500741149,16.175738809480794,F:\stt\传感器优化\ga_pc_vs_20dof_stage5_results\combined_clean_mask_ranking.csv,combined_clean_mask_ranking.csv,mask_name:dof-prefix,1,30,mean_unmon_nrmse,worst_unmon_nrmse,,31,00010000100001000001
DOF2-DOF7-DOF13-DOF17,0.0618505049039563,0.3437590832014465,16.16801676132908,F:\stt\传感器优化\ga_pc_vs_20dof_stage5_results\combined_clean_mask_ranking.csv,combined_clean_mask_ranking.csv,mask_name:dof-prefix,1,31,mean_unmon_nrmse,worst_unmon_nrmse,,32,01000010000010001000
DOF2-DOF7-DOF14-DOF19,0.0618573384652848,0.3179218123365419,16.166230633169704,F:\stt\传感器优化\ga_pc_vs_20dof_stage5_results\combined_clean_mask_ranking.csv,combined_clean_mask_ranking.csv,mask_name:dof-prefix,1,32,mean_unmon_nrmse,worst_unmon_nrmse,,33,01000010000001000010
DOF2-DOF9-DOF13-DOF19,0.0619539311812241,0.3099645428521537,16.141025773791757,F:\stt\传感器优化\ga_pc_vs_20dof_stage5_results\combined_clean_mask_ranking.csv,combined_clean_mask_ranking.csv,mask_name:dof-prefix,1,33,mean_unmon_nrmse,worst_unmon_nrmse,,34,01000000100010000010
DOF3-DOF10-DOF14-DOF19,0.0619855125540315,0.2787630331296041,16.13280198517658,F:\stt\传感器优化\ga_pc_vs_20dof_stage5_results\combined_clean_mask_ranking.csv,combined_clean_mask_ranking.csv,mask_name:dof-prefix,1,34,mean_unmon_nrmse,worst_unmon_nrmse,,35,00100000010001000010
DOF4-DOF8-DOF14-DOF18,0.062288831142751,0.282728750323359,16.05424249641459,F:\stt\传感器优化\ga_pc_vs_20dof_stage5_results\combined_clean_mask_ranking.csv,combined_clean_mask_ranking.csv,mask_name:dof-prefix,1,35,mean_unmon_nrmse,worst_unmon_nrmse,,36,00010001000001000100
DOF2-DOF7-DOF13-DOF20,0.0624666940063653,0.3332767951625817,16.008530880185404,F:\stt\传感器优化\ga_pc_vs_20dof_stage5_results\combined_clean_mask_ranking.csv,combined_clean_mask_ranking.csv,mask_name:dof-prefix,1,36,mean_unmon_nrmse,worst_unmon_nrmse,,37,01000010000010000001
DOF1-DOF7-DOF13-DOF19,0.0624949368102156,0.3444596146516026,16.001296281341883,F:\stt\传感器优化\ga_pc_vs_20dof_stage5_results\combined_clean_mask_ranking.csv,combined_clean_mask_ranking.csv,mask_name:dof-prefix,1,37,mean_unmon_nrmse,worst_unmon_nrmse,,38,10000010000010000010
DOF2-DOF7-DOF12-DOF19,0.0627500216887127,0.3486951890474688,15.936249471670555,F:\stt\传感器优化\ga_pc_vs_20dof_stage5_results\combined_clean_mask_ranking.csv,combined_clean_mask_ranking.csv,mask_name:dof-prefix,1,38,mean_unmon_nrmse,worst_unmon_nrmse,,39,01000010000100000010
DOF3-DOF10-DOF14-DOF20,0.0629740313517688,0.2815381287005785,15.879561440146434,F:\stt\传感器优化\ga_pc_vs_20dof_stage5_results\combined_clean_mask_ranking.csv,combined_clean_mask_ranking.csv,mask_name:dof-prefix,1,39,mean_unmon_nrmse,worst_unmon_nrmse,,40,00100000010001000001
DOF1-DOF8-DOF14-DOF18,0.0629998214612221,0.3313051778425406,15.873060856206566,F:\stt\传感器优化\ga_pc_vs_20dof_stage5_results\combined_clean_mask_ranking.csv,combined_clean_mask_ranking.csv,mask_name:dof-prefix,1,40,mean_unmon_nrmse,worst_unmon_nrmse,,41,10000001000001000100
DOF2-DOF8-DOF14-DOF20,0.063020326793141,0.293076713655604,15.867896135584145,F:\stt\传感器优化\ga_pc_vs_20dof_stage5_results\combined_clean_mask_ranking.csv,combined_clean_mask_ranking.csv,mask_name:dof-prefix,1,41,mean_unmon_nrmse,worst_unmon_nrmse,,42,01000001000001000001
DOF1-DOF8-DOF14-DOF19,0.0636133446717726,0.3257387597667636,15.719972045865621,F:\stt\传感器优化\ga_pc_vs_20dof_stage5_results\combined_clean_mask_ranking.csv,combined_clean_mask_ranking.csv,mask_name:dof-prefix,1,42,mean_unmon_nrmse,worst_unmon_nrmse,,43,10000001000001000010
DOF1-DOF8-DOF13-DOF19,0.0636576213004493,0.3407045322569333,15.709038125451174,F:\stt\传感器优化\ga_pc_vs_20dof_stage5_results\combined_clean_mask_ranking.csv,combined_clean_mask_ranking.csv,mask_name:dof-prefix,1,43,mean_unmon_nrmse,worst_unmon_nrmse,,44,10000001000010000010
DOF4-DOF8-DOF14-DOF20,0.0636605876177938,0.2778858773753566,15.70830614992283,F:\stt\传感器优化\ga_pc_vs_20dof_stage5_results\combined_clean_mask_ranking.csv,combined_clean_mask_ranking.csv,mask_name:dof-prefix,1,44,mean_unmon_nrmse,worst_unmon_nrmse,,45,00010001000001000001
DOF3-DOF8-DOF12-DOF19,0.0638667055596515,0.3256916838236268,15.6576105064687,F:\stt\传感器优化\ga_pc_vs_20dof_stage5_results\combined_clean_mask_ranking.csv,combined_clean_mask_ranking.csv,mask_name:dof-prefix,1,45,mean_unmon_nrmse,worst_unmon_nrmse,,46,00100001000100000010
DOF3-DOF10-DOF14-DOF18,0.0639472159687107,0.2857182023430956,15.637897363251293,F:\stt\传感器优化\ga_pc_vs_20dof_stage5_results\combined_clean_mask_ranking.csv,combined_clean_mask_ranking.csv,mask_name:dof-prefix,1,46,mean_unmon_nrmse,worst_unmon_nrmse,,47,00100000010001000100
DOF4-DOF8-DOF15-DOF19,0.0640949089272502,0.280701597218298,15.60186318572401,F:\stt\传感器优化\ga_pc_vs_20dof_stage5_results\combined_clean_mask_ranking.csv,combined_clean_mask_ranking.csv,mask_name:dof-prefix,1,47,mean_unmon_nrmse,worst_unmon_nrmse,,48,00010001000000100010
DOF3-DOF10-DOF15-DOF19,0.0642289272117794,0.2795851372651204,15.569308774022828,F:\stt\传感器优化\ga_pc_vs_20dof_stage5_results\combined_clean_mask_ranking.csv,combined_clean_mask_ranking.csv,mask_name:dof-prefix,1,48,mean_unmon_nrmse,worst_unmon_nrmse,,49,00100000010000100010
DOF2-DOF8-DOF13-DOF20,0.0645728497894637,0.3150475104036165,15.486384807933359,F:\stt\传感器优化\ga_pc_vs_20dof_stage5_results\combined_clean_mask_ranking.csv,combined_clean_mask_ranking.csv,mask_name:dof-prefix,1,49,mean_unmon_nrmse,worst_unmon_nrmse,,50,01000001000010000001
DOF3-DOF7-DOF14-DOF19,0.0646676937436771,0.3103133139876146,15.463671921689823,F:\stt\传感器优化\ga_pc_vs_20dof_stage5_results\combined_clean_mask_ranking.csv,combined_clean_mask_ranking.csv,mask_name:dof-prefix,1,50,mean_unmon_nrmse,worst_unmon_nrmse,,51,00100010000001000010
DOF2-DOF8-DOF15-DOF19,0.0648045792212164,0.2951419064218703,15.43100830222162,F:\stt\传感器优化\ga_pc_vs_20dof_stage5_results\combined_clean_mask_ranking.csv,combined_clean_mask_ranking.csv,mask_name:dof-prefix,1,51,mean_unmon_nrmse,worst_unmon_nrmse,,52,01000001000000100010
DOF3-DOF7-DOF14-DOF20,0.0651271623057033,0.3131927743679438,15.354576563472866,F:\stt\传感器优化\ga_pc_vs_20dof_stage5_results\combined_clean_mask_ranking.csv,combined_clean_mask_ranking.csv,mask_name:dof-prefix,1,52,mean_unmon_nrmse,worst_unmon_nrmse,,53,00100010000001000001
DOF4-DOF10-DOF14-DOF19,0.0654524604150635,0.2725678412345576,15.27826446314274,F:\stt\传感器优化\ga_pc_vs_20dof_stage5_results\combined_clean_mask_ranking.csv,combined_clean_mask_ranking.csv,mask_name:dof-prefix,1,53,mean_unmon_nrmse,worst_unmon_nrmse,,54,00010000010001000010
DOF3-DOF10-DOF15-DOF20,0.0655515494699213,0.2804008397711667,15.255169527969747,F:\stt\传感器优化\ga_pc_vs_20dof_stage5_results\combined_clean_mask_ranking.csv,combined_clean_mask_ranking.csv,mask_name:dof-prefix,1,54,mean_unmon_nrmse,worst_unmon_nrmse,,55,00100000010000100001
DOF1-DOF8-DOF14-DOF20,0.0661942647709347,0.3286809006423499,15.1070489784182,F:\stt\传感器优化\ga_pc_vs_20dof_stage5_results\combined_clean_mask_ranking.csv,combined_clean_mask_ranking.csv,mask_name:dof-prefix,1,55,mean_unmon_nrmse,worst_unmon_nrmse,,56,10000001000001000001
DOF3-DOF9-DOF16-DOF20,0.0665537794500256,0.2922900984630249,15.025442705862588,F:\stt\传感器优化\ga_pc_vs_20dof_stage5_results\combined_clean_mask_ranking.csv,combined_clean_mask_ranking.csv,mask_name:dof-prefix,1,56,mean_unmon_nrmse,worst_unmon_nrmse,,57,00100000100000010001
DOF3-DOF9-DOF13-DOF20,0.0669304996447387,0.2926483406404872,14.940871580116278,F:\stt\传感器优化\ga_pc_vs_20dof_stage5_results\combined_clean_mask_ranking.csv,combined_clean_mask_ranking.csv,mask_name:dof-prefix,1,57,mean_unmon_nrmse,worst_unmon_nrmse,,58,00100000100010000001
DOF2-DOF8-DOF12-DOF19,0.0674326896448248,0.3415470429523823,14.829602752793601,F:\stt\传感器优化\ga_pc_vs_20dof_stage5_results\combined_clean_mask_ranking.csv,combined_clean_mask_ranking.csv,mask_name:dof-prefix,1,58,mean_unmon_nrmse,worst_unmon_nrmse,,59,01000001000100000010
DOF4-DOF8-DOF13-DOF20,0.0675207916917627,0.3019388660725223,14.810252885515057,F:\stt\传感器优化\ga_pc_vs_20dof_stage5_results\combined_clean_mask_ranking.csv,combined_clean_mask_ranking.csv,mask_name:dof-prefix,1,59,mean_unmon_nrmse,worst_unmon_nrmse,,60,00010001000010000001
DOF3-DOF8-DOF12-DOF20,0.0677852516970901,0.342566845118906,14.75247159151842,F:\stt\传感器优化\ga_pc_vs_20dof_stage5_results\combined_clean_mask_ranking.csv,combined_clean_mask_ranking.csv,mask_name:dof-prefix,1,60,mean_unmon_nrmse,worst_unmon_nrmse,,61,00100001000100000001
DOF4-DOF8-DOF15-DOF20,0.0681783601787384,0.2813407755730374,14.667410559064532,F:\stt\传感器优化\ga_pc_vs_20dof_stage5_results\combined_clean_mask_ranking.csv,combined_clean_mask_ranking.csv,mask_name:dof-prefix,1,61,mean_unmon_nrmse,worst_unmon_nrmse,,62,00010001000000100001
DOF3-DOF7-DOF14-DOF18,0.0682627259840579,0.3165719059855312,14.649283127352561,F:\stt\传感器优化\ga_pc_vs_20dof_stage5_results\combined_clean_mask_ranking.csv,combined_clean_mask_ranking.csv,mask_name:dof-prefix,1,62,mean_unmon_nrmse,worst_unmon_nrmse,,63,00100010000001000100
DOF4-DOF10-DOF14-DOF20,0.0683468607965147,0.275296424804493,14.631249896942787,F:\stt\传感器优化\ga_pc_vs_20dof_stage5_results\combined_clean_mask_ranking.csv,combined_clean_mask_ranking.csv,mask_name:dof-prefix,1,63,mean_unmon_nrmse,worst_unmon_nrmse,,64,00010000010001000001
DOF2-DOF7-DOF11-DOF19,0.0688204651864782,0.3864215498888016,14.530561472896707,F:\stt\传感器优化\ga_pc_vs_20dof_stage5_results\combined_clean_mask_ranking.csv,combined_clean_mask_ranking.csv,mask_name:dof-prefix,1,64,mean_unmon_nrmse,worst_unmon_nrmse,,65,01000010001000000010
DOF2-DOF10-DOF14-DOF19,0.0702803920219309,0.3071198095117451,14.228719721337391,F:\stt\传感器优化\ga_pc_vs_20dof_stage5_results\combined_clean_mask_ranking.csv,combined_clean_mask_ranking.csv,mask_name:dof-prefix,1,65,mean_unmon_nrmse,worst_unmon_nrmse,,66,01000000010001000010
DOF2-DOF7-DOF15-DOF19,0.0703085285413914,0.3275267168869196,14.223025580702716,F:\stt\传感器优化\ga_pc_vs_20dof_stage5_results\combined_clean_mask_ranking.csv,combined_clean_mask_ranking.csv,mask_name:dof-prefix,1,66,mean_unmon_nrmse,worst_unmon_nrmse,,67,01000010000000100010
DOF1-DOF8-DOF15-DOF19,0.0705973778225791,0.3298167043495521,14.16483204941368,F:\stt\传感器优化\ga_pc_vs_20dof_stage5_results\combined_clean_mask_ranking.csv,combined_clean_mask_ranking.csv,mask_name:dof-prefix,1,67,mean_unmon_nrmse,worst_unmon_nrmse,,68,10000001000000100010
DOF1-DOF9-DOF14-DOF19,0.0711168271407444,0.3349846891841208,14.06136972346755,F:\stt\传感器优化\ga_pc_vs_20dof_stage5_results\combined_clean_mask_ranking.csv,combined_clean_mask_ranking.csv,mask_name:dof-prefix,1,68,mean_unmon_nrmse,worst_unmon_nrmse,,69,10000000100001000010
DOF1-DOF9-DOF14-DOF20,0.0712662639553793,0.3380744620447616,14.0318847163376,F:\stt\传感器优化\ga_pc_vs_20dof_stage5_results\combined_clean_mask_ranking.csv,combined_clean_mask_ranking.csv,mask_name:dof-prefix,1,69,mean_unmon_nrmse,worst_unmon_nrmse,,70,10000000100001000001
DOF1-DOF9-DOF15-DOF19,0.0717941242747302,0.3366617436369643,13.928716452608743,F:\stt\传感器优化\ga_pc_vs_20dof_stage5_results\combined_clean_mask_ranking.csv,combined_clean_mask_ranking.csv,mask_name:dof-prefix,1,70,mean_unmon_nrmse,worst_unmon_nrmse,,71,10000000100000100010
DOF3-DOF8-DOF16-DOF20,0.0723838515851899,0.3036771081031251,13.815236107037855,F:\stt\传感器优化\ga_pc_vs_20dof_stage5_results\combined_clean_mask_ranking.csv,combined_clean_mask_ranking.csv,mask_name:dof-prefix,1,71,mean_unmon_nrmse,worst_unmon_nrmse,,72,00100001000000010001
DOF3-DOF10-DOF13-DOF20,0.072448792117784,0.3079634576040232,13.802852618445893,F:\stt\传感器优化\ga_pc_vs_20dof_stage5_results\combined_clean_mask_ranking.csv,combined_clean_mask_ranking.csv,mask_name:dof-prefix,1,72,mean_unmon_nrmse,worst_unmon_nrmse,,73,00100000010010000001
DOF2-DOF6-DOF13-DOF19,0.07274583387598,0.3652165272625685,13.746491678012699,F:\stt\传感器优化\ga_pc_vs_20dof_stage5_results\combined_clean_mask_ranking.csv,combined_clean_mask_ranking.csv,mask_name:dof-prefix,1,73,mean_unmon_nrmse,worst_unmon_nrmse,,74,01000100000010000010
DOF3-DOF7-DOF15-DOF19,0.0735873319087941,0.3202821038351616,13.589295522031353,F:\stt\传感器优化\ga_pc_vs_20dof_stage5_results\combined_clean_mask_ranking.csv,combined_clean_mask_ranking.csv,mask_name:dof-prefix,1,74,mean_unmon_nrmse,worst_unmon_nrmse,,75,00100010000000100010
DOF3-DOF9-DOF12-DOF20,0.0745546705158494,0.3433371145007376,13.412975915090382,F:\stt\传感器优化\ga_pc_vs_20dof_stage5_results\combined_clean_mask_ranking.csv,combined_clean_mask_ranking.csv,mask_name:dof-prefix,1,75,mean_unmon_nrmse,worst_unmon_nrmse,,76,00100000100100000001
DOF4-DOF10-DOF13-DOF20,0.0750210026115986,0.3024809547770511,13.329600580838754,F:\stt\传感器优化\ga_pc_vs_20dof_stage5_results\combined_clean_mask_ranking.csv,combined_clean_mask_ranking.csv,mask_name:dof-prefix,1,76,mean_unmon_nrmse,worst_unmon_nrmse,,77,00010000010010000001
DOF3-DOF6-DOF14-DOF20,0.0754037781975735,0.3743058347710167,13.261934930720992,F:\stt\传感器优化\ga_pc_vs_20dof_stage5_results\combined_clean_mask_ranking.csv,combined_clean_mask_ranking.csv,mask_name:dof-prefix,1,77,mean_unmon_nrmse,worst_unmon_nrmse,,78,00100100000001000001
DOF2-DOF5-DOF13-DOF19,0.0757267000242212,0.4150186969663199,13.205381981083875,F:\stt\传感器优化\ga_pc_vs_20dof_stage5_results\combined_clean_mask_ranking.csv,combined_clean_mask_ranking.csv,mask_name:dof-prefix,1,78,mean_unmon_nrmse,worst_unmon_nrmse,,79,01001000000010000010
DOF2-DOF10-DOF13-DOF19,0.0760672980545582,0.3269040640141676,13.14625371956314,F:\stt\传感器优化\ga_pc_vs_20dof_stage5_results\combined_clean_mask_ranking.csv,combined_clean_mask_ranking.csv,mask_name:dof-prefix,1,79,mean_unmon_nrmse,worst_unmon_nrmse,,80,01000000010010000010
DOF3-DOF11-DOF15-DOF19,0.0765267053783215,0.3210567704776927,13.067333750267691,F:\stt\传感器优化\ga_pc_vs_20dof_stage5_results\combined_clean_mask_ranking.csv,combined_clean_mask_ranking.csv,mask_name:dof-prefix,1,80,mean_unmon_nrmse,worst_unmon_nrmse,,81,00100000001000100010
DOF2-DOF8-DOF11-DOF19,0.077252102188868,0.3872519388628352,12.944631558921577,F:\stt\传感器优化\ga_pc_vs_20dof_stage5_results\combined_clean_mask_ranking.csv,combined_clean_mask_ranking.csv,mask_name:dof-prefix,1,81,mean_unmon_nrmse,worst_unmon_nrmse,,82,01000001001000000010
DOF3-DOF11-DOF14-DOF20,0.0803526498191508,0.3220972219625088,12.44514029391997,F:\stt\传感器优化\ga_pc_vs_20dof_stage5_results\combined_clean_mask_ranking.csv,combined_clean_mask_ranking.csv,mask_name:dof-prefix,1,82,mean_unmon_nrmse,worst_unmon_nrmse,,83,00100000001001000001
DOF2-DOF6-DOF14-DOF19,0.0812963292994917,0.3692467845084617,12.300678377540864,F:\stt\传感器优化\ga_pc_vs_20dof_stage5_results\combined_clean_mask_ranking.csv,combined_clean_mask_ranking.csv,mask_name:dof-prefix,1,83,mean_unmon_nrmse,worst_unmon_nrmse,,84,01000100000001000010
DOF3-DOF9-DOF17-DOF20,0.08148920519349,0.347924996252803,12.271564038614727,F:\stt\传感器优化\ga_pc_vs_20dof_stage5_results\combined_clean_mask_ranking.csv,combined_clean_mask_ranking.csv,mask_name:dof-prefix,1,84,mean_unmon_nrmse,worst_unmon_nrmse,,85,00100000100000001001
DOF2-DOF8-DOF16-DOF19,0.0815413080641224,0.3200496405297547,12.263722813979841,F:\stt\传感器优化\ga_pc_vs_20dof_stage5_results\combined_clean_mask_ranking.csv,combined_clean_mask_ranking.csv,mask_name:dof-prefix,1,85,mean_unmon_nrmse,worst_unmon_nrmse,,86,01000001000000010010
DOF3-DOF8-DOF11-DOF20,0.0853026882950316,0.4005621652354171,11.722959967329908,F:\stt\传感器优化\ga_pc_vs_20dof_stage5_results\combined_clean_mask_ranking.csv,combined_clean_mask_ranking.csv,mask_name:dof-prefix,1,86,mean_unmon_nrmse,worst_unmon_nrmse,,87,00100001001000000001
DOF2-DOF11-DOF14-DOF19,0.0857633595613119,0.3447754965568333,11.659990992697105,F:\stt\传感器优化\ga_pc_vs_20dof_stage5_results\combined_clean_mask_ranking.csv,combined_clean_mask_ranking.csv,mask_name:dof-prefix,1,87,mean_unmon_nrmse,worst_unmon_nrmse,,88,01000000001001000010
DOF3-DOF8-DOF17-DOF20,0.0860356588515036,0.3600324857763459,11.623087605040178,F:\stt\传感器优化\ga_pc_vs_20dof_stage5_results\combined_clean_mask_ranking.csv,combined_clean_mask_ranking.csv,mask_name:dof-prefix,1,88,mean_unmon_nrmse,worst_unmon_nrmse,,89,00100001000000001001
DOF2-DOF7-DOF10-DOF19,0.0872421997775519,0.4302329664391647,11.46234279440814,F:\stt\传感器优化\ga_pc_vs_20dof_stage5_results\combined_clean_mask_ranking.csv,combined_clean_mask_ranking.csv,mask_name:dof-prefix,1,89,mean_unmon_nrmse,worst_unmon_nrmse,,90,01000010010000000010
DOF1-DOF7-DOF13-DOF18,0.0882084097453977,0.2944022154234285,11.336787533921486,F:\stt\传感器优化\ga_pc_vs_20dof_stage5_results\ga_candidate_cache.csv,ga_candidate_cache.csv,sensor_tuple:numeric-1idx,6,7,mean_unmon_nrmse,worst_unmon_nrmse,fitness,91,10000010000010000100
DOF2-DOF5-DOF14-DOF19,0.0884294320037244,0.4299402691002557,11.308452144604686,F:\stt\传感器优化\ga_pc_vs_20dof_stage5_results\combined_clean_mask_ranking.csv,combined_clean_mask_ranking.csv,mask_name:dof-prefix,1,90,mean_unmon_nrmse,worst_unmon_nrmse,,92,01001000000001000010
DOF2-DOF7-DOF16-DOF19,0.0888164505880712,0.3514589749542245,11.259175449677892,F:\stt\传感器优化\ga_pc_vs_20dof_stage5_results\combined_clean_mask_ranking.csv,combined_clean_mask_ranking.csv,mask_name:dof-prefix,1,91,mean_unmon_nrmse,worst_unmon_nrmse,,93,01000010000000010010
DOF5-DOF9-DOF14-DOF20,0.0896862456219462,0.2900619434159706,11.14998172857121,F:\stt\传感器优化\ga_pc_vs_20dof_stage5_results\combined_clean_mask_ranking.csv,combined_clean_mask_ranking.csv,mask_name:dof-prefix,1,92,mean_unmon_nrmse,worst_unmon_nrmse,,94,00001000100001000001
DOF5-DOF9-DOF15-DOF19,0.0901626296463535,0.2901529515081941,11.091069591816773,F:\stt\传感器优化\ga_pc_vs_20dof_stage5_results\combined_clean_mask_ranking.csv,combined_clean_mask_ranking.csv,mask_name:dof-prefix,1,93,mean_unmon_nrmse,worst_unmon_nrmse,,95,00001000100000100010
DOF5-DOF9-DOF14-DOF19,0.0909016171960485,0.287130880566159,11.000904393508074,F:\stt\传感器优化\ga_pc_vs_20dof_stage5_results\combined_clean_mask_ranking.csv,combined_clean_mask_ranking.csv,mask_name:dof-prefix,1,94,mean_unmon_nrmse,worst_unmon_nrmse,,96,00001000100001000010
DOF2-DOF8-DOF13-DOF18,0.0911144923749946,0.2651133725678992,10.975202450488153,F:\stt\传感器优化\ga_pc_vs_20dof_stage5_results\ga_candidate_cache.csv,ga_candidate_cache.csv,sensor_tuple:numeric-1idx,6,2,mean_unmon_nrmse,worst_unmon_nrmse,fitness,97,01000001000010000100
DOF1-DOF7-DOF12-DOF19,0.0938465995955325,0.3195210980028715,10.655687092544891,F:\stt\传感器优化\ga_pc_vs_20dof_stage5_results\ga_candidate_cache.csv,ga_candidate_cache.csv,sensor_tuple:numeric-1idx,6,20,mean_unmon_nrmse,worst_unmon_nrmse,fitness,98,10000010000100000010
DOF2-DOF7-DOF12-DOF18,0.0943265769990472,0.2923351630686742,10.601466011000268,F:\stt\传感器优化\ga_pc_vs_20dof_stage5_results\ga_candidate_cache.csv,ga_candidate_cache.csv,sensor_tuple:numeric-1idx,6,14,mean_unmon_nrmse,worst_unmon_nrmse,fitness,99,01000010000100000100
DOF1-DOF6-DOF12-DOF18,0.0947187547394475,0.3293193222362746,10.557571230114288,F:\stt\传感器优化\ga_pc_vs_20dof_stage5_results\ga_candidate_cache.csv,ga_candidate_cache.csv,sensor_tuple:numeric-1idx,6,24,mean_unmon_nrmse,worst_unmon_nrmse,fitness,100,10000100000100000100
DOF3-DOF9-DOF13-DOF18,0.0948630381308952,0.2764381752827211,10.541513530376552,F:\stt\传感器优化\ga_pc_vs_20dof_stage5_results\ga_candidate_cache.csv,ga_candidate_cache.csv,sensor_tuple:numeric-1idx,6,8,mean_unmon_nrmse,worst_unmon_nrmse,fitness,101,00100000100010000100
DOF3-DOF7-DOF13-DOF18,0.0954152319706867,0.2785315479731295,10.480506930976572,F:\stt\传感器优化\ga_pc_vs_20dof_stage5_results\ga_candidate_cache.csv,ga_candidate_cache.csv,sensor_tuple:numeric-1idx,6,10,mean_unmon_nrmse,worst_unmon_nrmse,fitness,102,00100010000010000100
DOF2-DOF7-DOF14-DOF18,0.1005893251277522,0.2787606508145269,9.941412756473126,F:\stt\传感器优化\ga_pc_vs_20dof_stage5_results\ga_candidate_cache.csv,ga_candidate_cache.csv,sensor_tuple:numeric-1idx,6,16,mean_unmon_nrmse,worst_unmon_nrmse,fitness,103,01000010000001000100
DOF3-DOF6-DOF12-DOF18,0.1006336176085814,0.3281449065266369,9.93703718254077,F:\stt\传感器优化\ga_pc_vs_20dof_stage5_results\ga_candidate_cache.csv,ga_candidate_cache.csv,sensor_tuple:numeric-1idx,6,29,mean_unmon_nrmse,worst_unmon_nrmse,fitness,104,00100100000100000100
DOF3-DOF7-DOF12-DOF18,0.101527163300069,0.2974374314287187,9.849580816461861,F:\stt\传感器优化\ga_pc_vs_20dof_stage5_results\ga_candidate_cache.csv,ga_candidate_cache.csv,sensor_tuple:numeric-1idx,6,19,mean_unmon_nrmse,worst_unmon_nrmse,fitness,105,00100010000100000100
DOF3-DOF7-DOF12-DOF19,0.1017679617206585,0.3058333086365568,9.826275215524706,F:\stt\传感器优化\ga_pc_vs_20dof_stage5_results\ga_candidate_cache.csv,ga_candidate_cache.csv,sensor_tuple:numeric-1idx,6,22,mean_unmon_nrmse,worst_unmon_nrmse,fitness,106,00100010000100000010
DOF3-DOF9-DOF12-DOF19,0.1018474930961174,0.3067130465111006,9.818602005711057,F:\stt\传感器优化\ga_pc_vs_20dof_stage5_results\ga_candidate_cache.csv,ga_candidate_cache.csv,sensor_tuple:numeric-1idx,6,23,mean_unmon_nrmse,worst_unmon_nrmse,fitness,107,00100000100100000010
DOF2-DOF6-DOF13-DOF18,0.1031126456739462,0.3133055505776638,9.698131528429737,F:\stt\传感器优化\ga_pc_vs_20dof_stage5_results\ga_candidate_cache.csv,ga_candidate_cache.csv,sensor_tuple:numeric-1idx,6,26,mean_unmon_nrmse,worst_unmon_nrmse,fitness,108,01000100000010000100
DOF2-DOF9-DOF12-DOF19,0.1045373124221695,0.3122779760669287,9.565962399645176,F:\stt\传感器优化\ga_pc_vs_20dof_stage5_results\ga_candidate_cache.csv,ga_candidate_cache.csv,sensor_tuple:numeric-1idx,6,27,mean_unmon_nrmse,worst_unmon_nrmse,fitness,109,01000000100100000010
DOF1-DOF7-DOF14-DOF20,0.1056141981295161,0.3432373595499187,9.468423921225233,F:\stt\传感器优化\ga_pc_vs_20dof_stage5_results\ga_candidate_cache.csv,ga_candidate_cache.csv,sensor_tuple:numeric-0idx,6,37,mean_unmon_nrmse,worst_unmon_nrmse,fitness,110,10000010000001000001
DOF4-DOF11-DOF15-DOF19,0.1087534384043301,0.3128000610634072,9.195111572223992,F:\stt\传感器优化\ga_pc_vs_20dof_stage5_results\ga_candidate_cache.csv,ga_candidate_cache.csv,sensor_tuple:numeric-0idx,6,31,mean_unmon_nrmse,worst_unmon_nrmse,fitness,111,00010000001000100010
DOF3-DOF7-DOF13-DOF17,0.111197138357861,0.2853059066598576,8.99303718385944,F:\stt\传感器优化\ga_pc_vs_20dof_stage5_results\ga_candidate_cache.csv,ga_candidate_cache.csv,sensor_tuple:numeric-1idx,6,25,mean_unmon_nrmse,worst_unmon_nrmse,fitness,112,00100010000010001000
DOF4-DOF11-DOF13-DOF19,0.1112908909386308,0.3312700820870823,8.98546135768151,F:\stt\传感器优化\ga_pc_vs_20dof_stage5_results\ga_candidate_cache.csv,ga_candidate_cache.csv,sensor_tuple:numeric-0idx,6,38,mean_unmon_nrmse,worst_unmon_nrmse,fitness,113,00010000001010000010
DOF3-DOF10-DOF12-DOF18,0.1112908909386308,0.3312700820870823,8.98546135768151,F:\stt\传感器优化\ga_pc_vs_20dof_stage5_results\ga_candidate_cache.csv,ga_candidate_cache.csv,sensor_tuple:numeric-1idx,6,38,mean_unmon_nrmse,worst_unmon_nrmse,fitness,114,00100000010100000100
DOF2-DOF7-DOF15-DOF18,0.1117098064156912,0.3058354630162132,8.951765579736822,F:\stt\传感器优化\ga_pc_vs_20dof_stage5_results\ga_candidate_cache.csv,ga_candidate_cache.csv,sensor_tuple:numeric-1idx,6,33,mean_unmon_nrmse,worst_unmon_nrmse,fitness,115,01000010000000100100
DOF3-DOF8-DOF16-DOF19,0.1117098064156912,0.3058354630162132,8.951765579736822,F:\stt\传感器优化\ga_pc_vs_20dof_stage5_results\ga_candidate_cache.csv,ga_candidate_cache.csv,sensor_tuple:numeric-0idx,6,33,mean_unmon_nrmse,worst_unmon_nrmse,fitness,116,00100001000000010010
DOF2-DOF5-DOF8-DOF19,0.1128012690639484,0.4917394485409336,8.865148488925445,F:\stt\传感器优化\ga_pc_vs_20dof_stage5_results\combined_clean_mask_ranking.csv,combined_clean_mask_ranking.csv,mask_name:dof-prefix,1,95,mean_unmon_nrmse,worst_unmon_nrmse,,117,01001001000000000010
DOF5-DOF8-DOF14-DOF19,0.1138567814581332,0.3005934561124989,8.78296388835593,F:\stt\传感器优化\ga_pc_vs_20dof_stage5_results\ga_candidate_cache.csv,ga_candidate_cache.csv,sensor_tuple:numeric-0idx,6,34,mean_unmon_nrmse,worst_unmon_nrmse,fitness,118,00001001000001000010
DOF4-DOF7-DOF13-DOF18,0.1138567814581332,0.3005934561124989,8.78296388835593,F:\stt\传感器优化\ga_pc_vs_20dof_stage5_results\ga_candidate_cache.csv,ga_candidate_cache.csv,sensor_tuple:numeric-1idx,6,34,mean_unmon_nrmse,worst_unmon_nrmse,fitness,119,00010010000010000100
DOF3-DOF6-DOF9-DOF20,0.114236052934702,0.5057589698436898,8.75380385002318,F:\stt\传感器优化\ga_pc_vs_20dof_stage5_results\combined_clean_mask_ranking.csv,combined_clean_mask_ranking.csv,mask_name:dof-prefix,1,96,mean_unmon_nrmse,worst_unmon_nrmse,,120,00100100100000000001
DOF3-DOF11-DOF14-DOF19,0.1156810125997102,0.3224229923182723,8.644460983857783,F:\stt\传感器优化\ga_pc_vs_20dof_stage5_results\ga_candidate_cache.csv,ga_candidate_cache.csv,sensor_tuple:numeric-0idx,6,41,mean_unmon_nrmse,worst_unmon_nrmse,fitness,121,00100000001001000010
DOF2-DOF10-DOF13-DOF18,0.1156810125997102,0.3224229923182723,8.644460983857783,F:\stt\传感器优化\ga_pc_vs_20dof_stage5_results\ga_candidate_cache.csv,ga_candidate_cache.csv,sensor_tuple:numeric-1idx,6,41,mean_unmon_nrmse,worst_unmon_nrmse,fitness,122,01000000010010000100
DOF1-DOF6-DOF10-DOF17,0.1158361783245985,0.3640301841892291,8.632881492249743,F:\stt\传感器优化\ga_pc_vs_20dof_stage5_results\ga_candidate_cache.csv,ga_candidate_cache.csv,sensor_tuple:numeric-1idx,6,46,mean_unmon_nrmse,worst_unmon_nrmse,fitness,123,10000100010000001000
DOF2-DOF7-DOF11-DOF18,0.1158361783245985,0.3640301841892291,8.632881492249743,F:\stt\传感器优化\ga_pc_vs_20dof_stage5_results\ga_candidate_cache.csv,ga_candidate_cache.csv,sensor_tuple:numeric-0idx,6,46,mean_unmon_nrmse,worst_unmon_nrmse,fitness,124,01000010001000000100
DOF1-DOF6-DOF12-DOF20,0.1165270650438406,0.3970464430246093,8.581697304529136,F:\stt\传感器优化\ga_pc_vs_20dof_stage5_results\ga_candidate_cache.csv,ga_candidate_cache.csv,sensor_tuple:numeric-0idx,6,52,mean_unmon_nrmse,worst_unmon_nrmse,fitness,125,10000100000100000001
DOF5-DOF9-DOF15-DOF20,0.1175797897199203,0.2939590800492855,8.504862973250203,F:\stt\传感器优化\ga_pc_vs_20dof_stage5_results\ga_candidate_cache.csv,ga_candidate_cache.csv,sensor_tuple:numeric-0idx,6,35,mean_unmon_nrmse,worst_unmon_nrmse,fitness,126,00001000100000100001
DOF3-DOF9-DOF16-DOF18,0.1176708666034915,0.345998738250882,8.498280235847519,F:\stt\传感器优化\ga_pc_vs_20dof_stage5_results\ga_candidate_cache.csv,ga_candidate_cache.csv,sensor_tuple:numeric-1idx,6,43,mean_unmon_nrmse,worst_unmon_nrmse,fitness,127,00100000100000010100
DOF4-DOF10-DOF17-DOF19,0.1176708666034915,0.345998738250882,8.498280235847519,F:\stt\传感器优化\ga_pc_vs_20dof_stage5_results\ga_candidate_cache.csv,ga_candidate_cache.csv,sensor_tuple:numeric-0idx,6,43,mean_unmon_nrmse,worst_unmon_nrmse,fitness,128,00010000010000001010
DOF5-DOF10-DOF14-DOF19,0.119418736402744,0.2960041207540545,8.373895337655307,F:\stt\传感器优化\ga_pc_vs_20dof_stage5_results\ga_candidate_cache.csv,ga_candidate_cache.csv,sensor_tuple:numeric-0idx,6,36,mean_unmon_nrmse,worst_unmon_nrmse,fitness,129,00001000010001000010
DOF4-DOF9-DOF13-DOF18,0.119418736402744,0.2960041207540545,8.373895337655307,F:\stt\传感器优化\ga_pc_vs_20dof_stage5_results\ga_candidate_cache.csv,ga_candidate_cache.csv,sensor_tuple:numeric-1idx,6,36,mean_unmon_nrmse,worst_unmon_nrmse,fitness,130,00010000100010000100
DOF4-DOF7-DOF11-DOF19,0.119678034403576,0.3935809832450718,8.35575220611882,F:\stt\传感器优化\ga_pc_vs_20dof_stage5_results\ga_candidate_cache.csv,ga_candidate_cache.csv,sensor_tuple:numeric-0idx,6,55,mean_unmon_nrmse,worst_unmon_nrmse,fitness,131,00010010001000000010
DOF3-DOF6-DOF10-DOF18,0.119678034403576,0.3935809832450718,8.35575220611882,F:\stt\传感器优化\ga_pc_vs_20dof_stage5_results\ga_candidate_cache.csv,ga_candidate_cache.csv,sensor_tuple:numeric-1idx,6,55,mean_unmon_nrmse,worst_unmon_nrmse,fitness,132,00100100010000000100
DOF2-DOF6-DOF10-DOF16,0.1200210014054554,0.3494034031271456,8.331875157527342,F:\stt\传感器优化\ga_pc_vs_20dof_stage5_results\ga_candidate_cache.csv,ga_candidate_cache.csv,sensor_tuple:numeric-1idx,6,45,mean_unmon_nrmse,worst_unmon_nrmse,fitness,133,01000100010000010000
DOF3-DOF7-DOF11-DOF17,0.1200210014054554,0.3494034031271456,8.331875157527342,F:\stt\传感器优化\ga_pc_vs_20dof_stage5_results\ga_candidate_cache.csv,ga_candidate_cache.csv,sensor_tuple:numeric-0idx,6,45,mean_unmon_nrmse,worst_unmon_nrmse,fitness,134,00100010001000001000
DOF1-DOF6-DOF11-DOF17,0.120040389312934,0.3392594676248012,8.33052946358549,F:\stt\传感器优化\ga_pc_vs_20dof_stage5_results\ga_candidate_cache.csv,ga_candidate_cache.csv,sensor_tuple:numeric-1idx,6,44,mean_unmon_nrmse,worst_unmon_nrmse,fitness,135,10000100001000001000
DOF5-DOF8-DOF15-DOF20,0.1201038082967804,0.3073449237657801,8.326130654580423,F:\stt\传感器优化\ga_pc_vs_20dof_stage5_results\ga_candidate_cache.csv,ga_candidate_cache.csv,sensor_tuple:numeric-0idx,6,39,mean_unmon_nrmse,worst_unmon_nrmse,fitness,136,00001001000000100001
DOF4-DOF7-DOF14-DOF19,0.1201038082967804,0.3073449237657801,8.326130654580423,F:\stt\传感器优化\ga_pc_vs_20dof_stage5_results\ga_candidate_cache.csv,ga_candidate_cache.csv,sensor_tuple:numeric-1idx,6,39,mean_unmon_nrmse,worst_unmon_nrmse,fitness,137,00010010000001000010
DOF3-DOF8-DOF11-DOF19,0.1214266530526597,0.3791024057335899,8.2354242240218,F:\stt\传感器优化\ga_pc_vs_20dof_stage5_results\ga_candidate_cache.csv,ga_candidate_cache.csv,sensor_tuple:numeric-0idx,6,50,mean_unmon_nrmse,worst_unmon_nrmse,fitness,138,00100001001000000010
DOF2-DOF7-DOF10-DOF18,0.1214266530526597,0.3791024057335899,8.2354242240218,F:\stt\传感器优化\ga_pc_vs_20dof_stage5_results\ga_candidate_cache.csv,ga_candidate_cache.csv,sensor_tuple:numeric-1idx,6,50,mean_unmon_nrmse,worst_unmon_nrmse,fitness,139,01000010010000000100
DOF4-DOF10-DOF11-DOF17,0.1219671007830708,0.3709323732026954,8.19893228232414,F:\stt\传感器优化\ga_pc_vs_20dof_stage5_results\ga_candidate_cache.csv,ga_candidate_cache.csv,sensor_tuple:numeric-0idx,6,49,mean_unmon_nrmse,worst_unmon_nrmse,fitness,140,00010000011000001000
DOF3-DOF9-DOF10-DOF16,0.1219671007830708,0.3709323732026954,8.19893228232414,F:\stt\传感器优化\ga_pc_vs_20dof_stage5_results\ga_candidate_cache.csv,ga_candidate_cache.csv,sensor_tuple:numeric-1idx,6,49,mean_unmon_nrmse,worst_unmon_nrmse,fitness,141,00100000110000010000
DOF3-DOF6-DOF9-DOF16,0.1230483973015501,0.3804070475560237,8.126883583385572,F:\stt\传感器优化\ga_pc_vs_20dof_stage5_results\ga_candidate_cache.csv,ga_candidate_cache.csv,sensor_tuple:numeric-1idx,6,53,mean_unmon_nrmse,worst_unmon_nrmse,fitness,142,00100100100000010000
DOF4-DOF7-DOF10-DOF17,0.1230483973015501,0.3804070475560237,8.126883583385572,F:\stt\传感器优化\ga_pc_vs_20dof_stage5_results\ga_candidate_cache.csv,ga_candidate_cache.csv,sensor_tuple:numeric-0idx,6,53,mean_unmon_nrmse,worst_unmon_nrmse,fitness,143,00010010010000001000
DOF3-DOF9-DOF10-DOF17,0.1243256149941296,0.3817847016088018,8.043394758507123,F:\stt\传感器优化\ga_pc_vs_20dof_stage5_results\ga_candidate_cache.csv,ga_candidate_cache.csv,sensor_tuple:numeric-0idx,6,56,mean_unmon_nrmse,worst_unmon_nrmse,fitness,144,00100000110000001000
DOF2-DOF8-DOF9-DOF16,0.1243256149941296,0.3817847016088018,8.043394758507123,F:\stt\传感器优化\ga_pc_vs_20dof_stage5_results\ga_candidate_cache.csv,ga_candidate_cache.csv,sensor_tuple:numeric-1idx,6,56,mean_unmon_nrmse,worst_unmon_nrmse,fitness,145,01000001100000010000
DOF2-DOF7-DOF11-DOF20,0.1248181093886676,0.4154197391780342,8.011657962853102,F:\stt\传感器优化\ga_pc_vs_20dof_stage5_results\ga_candidate_cache.csv,ga_candidate_cache.csv,sensor_tuple:numeric-0idx,6,65,mean_unmon_nrmse,worst_unmon_nrmse,fitness,146,01000010001000000001
DOF1-DOF6-DOF10-DOF19,0.1248181093886676,0.4154197391780342,8.011657962853102,F:\stt\传感器优化\ga_pc_vs_20dof_stage5_results\ga_candidate_cache.csv,ga_candidate_cache.csv,sensor_tuple:numeric-1idx,6,65,mean_unmon_nrmse,worst_unmon_nrmse,fitness,147,10000100010000000010
DOF2-DOF8-DOF10-DOF19,0.1264045653691327,0.4086485647093798,7.911106668274526,F:\stt\传感器优化\ga_pc_vs_20dof_stage5_results\ga_candidate_cache.csv,ga_candidate_cache.csv,sensor_tuple:numeric-1idx,6,64,mean_unmon_nrmse,worst_unmon_nrmse,fitness,148,01000001010000000010
DOF3-DOF9-DOF11-DOF20,0.1264045653691327,0.4086485647093798,7.911106668274526,F:\stt\传感器优化\ga_pc_vs_20dof_stage5_results\ga_candidate_cache.csv,ga_candidate_cache.csv,sensor_tuple:numeric-0idx,6,64,mean_unmon_nrmse,worst_unmon_nrmse,fitness,149,00100000101000000001
DOF5-DOF10-DOF16-DOF20,0.1265373133166119,0.319966181618375,7.902807273060827,F:\stt\传感器优化\ga_pc_vs_20dof_stage5_results\ga_candidate_cache.csv,ga_candidate_cache.csv,sensor_tuple:numeric-0idx,6,42,mean_unmon_nrmse,worst_unmon_nrmse,fitness,150,00001000010000010001
DOF3-DOF11-DOF17-DOF19,0.1269505739567608,0.3688640493064094,7.877081361859156,F:\stt\传感器优化\ga_pc_vs_20dof_stage5_results\ga_candidate_cache.csv,ga_candidate_cache.csv,sensor_tuple:numeric-0idx,6,54,mean_unmon_nrmse,worst_unmon_nrmse,fitness,151,00100000001000001010
DOF2-DOF10-DOF16-DOF18,0.1269505739567608,0.3688640493064094,7.877081361859156,F:\stt\传感器优化\ga_pc_vs_20dof_stage5_results\ga_candidate_cache.csv,ga_candidate_cache.csv,sensor_tuple:numeric-1idx,6,54,mean_unmon_nrmse,worst_unmon_nrmse,fitness,152,01000000010000010100
DOF3-DOF10-DOF16-DOF17,0.1284822348687666,0.3610246058706454,7.783177191878937,F:\stt\传感器优化\ga_pc_vs_20dof_stage5_results\ga_candidate_cache.csv,ga_candidate_cache.csv,sensor_tuple:numeric-1idx,6,51,mean_unmon_nrmse,worst_unmon_nrmse,fitness,153,00100000010000011000
DOF4-DOF11-DOF17-DOF18,0.1284822348687666,0.3610246058706454,7.783177191878937,F:\stt\传感器优化\ga_pc_vs_20dof_stage5_results\ga_candidate_cache.csv,ga_candidate_cache.csv,sensor_tuple:numeric-0idx,6,51,mean_unmon_nrmse,worst_unmon_nrmse,fitness,154,00010000001000001100
DOF2-DOF6-DOF11-DOF17,0.1301795002008683,0.3326233673463024,7.681701023965433,F:\stt\传感器优化\ga_pc_vs_20dof_stage5_results\ga_candidate_cache.csv,ga_candidate_cache.csv,sensor_tuple:numeric-1idx,6,47,mean_unmon_nrmse,worst_unmon_nrmse,fitness,155,01000100001000001000
DOF2-DOF7-DOF13-DOF15,0.1312092762670993,0.3826777978385742,7.621412360789984,F:\stt\传感器优化\ga_pc_vs_20dof_stage5_results\ga_candidate_cache.csv,ga_candidate_cache.csv,sensor_tuple:numeric-1idx,6,63,mean_unmon_nrmse,worst_unmon_nrmse,fitness,156,01000010000010100000
DOF3-DOF8-DOF14-DOF16,0.1312092762670993,0.3826777978385742,7.621412360789984,F:\stt\传感器优化\ga_pc_vs_20dof_stage5_results\ga_candidate_cache.csv,ga_candidate_cache.csv,sensor_tuple:numeric-0idx,6,63,mean_unmon_nrmse,worst_unmon_nrmse,fitness,157,00100001000001010000
DOF1-DOF2-DOF9-DOF16,0.1312435338262576,0.4179217561928921,7.619422998135644,F:\stt\传感器优化\ga_pc_vs_20dof_stage5_results\ga_candidate_cache.csv,ga_candidate_cache.csv,sensor_tuple:numeric-1idx,6,70,mean_unmon_nrmse,worst_unmon_nrmse,fitness,158,11000000100000010000
DOF2-DOF3-DOF10-DOF17,0.1312435338262576,0.4179217561928921,7.619422998135644,F:\stt\传感器优化\ga_pc_vs_20dof_stage5_results\ga_candidate_cache.csv,ga_candidate_cache.csv,sensor_tuple:numeric-0idx,6,70,mean_unmon_nrmse,worst_unmon_nrmse,fitness,159,01100000010000001000
DOF3-DOF9-DOF14-DOF16,0.1318235789599059,0.3792539462486323,7.585896300817047,F:\stt\传感器优化\ga_pc_vs_20dof_stage5_results\ga_candidate_cache.csv,ga_candidate_cache.csv,sensor_tuple:numeric-0idx,6,61,mean_unmon_nrmse,worst_unmon_nrmse,fitness,160,00100000100001010000
DOF2-DOF8-DOF13-DOF15,0.1318235789599059,0.3792539462486323,7.585896300817047,F:\stt\传感器优化\ga_pc_vs_20dof_stage5_results\ga_candidate_cache.csv,ga_candidate_cache.csv,sensor_tuple:numeric-1idx,6,61,mean_unmon_nrmse,worst_unmon_nrmse,fitness,161,01000001000010100000
DOF2-DOF8-DOF17-DOF20,0.1324640704901598,0.3773615797994752,7.549216903060039,F:\stt\传感器优化\ga_pc_vs_20dof_stage5_results\ga_candidate_cache.csv,ga_candidate_cache.csv,sensor_tuple:numeric-0idx,6,60,mean_unmon_nrmse,worst_unmon_nrmse,fitness,162,01000001000000001001
DOF1-DOF7-DOF16-DOF19,0.1324640704901598,0.3773615797994752,7.549216903060039,F:\stt\传感器优化\ga_pc_vs_20dof_stage5_results\ga_candidate_cache.csv,ga_candidate_cache.csv,sensor_tuple:numeric-1idx,6,60,mean_unmon_nrmse,worst_unmon_nrmse,fitness,163,10000010000000010010
DOF2-DOF13-DOF16-DOF19,0.1328341626744035,0.4742871504223464,7.528183863691918,F:\stt\传感器优化\ga_pc_vs_20dof_stage5_results\combined_clean_mask_ranking.csv,combined_clean_mask_ranking.csv,mask_name:dof-prefix,1,97,mean_unmon_nrmse,worst_unmon_nrmse,,164,01000000000010010010
DOF2-DOF7-DOF11-DOF15,0.1338318474982868,0.3704487650462376,7.47206303047807,F:\stt\传感器优化\ga_pc_vs_20dof_stage5_results\ga_candidate_cache.csv,ga_candidate_cache.csv,sensor_tuple:numeric-1idx,6,59,mean_unmon_nrmse,worst_unmon_nrmse,fitness,165,01000010001000100000
DOF3-DOF8-DOF12-DOF16,0.1338318474982868,0.3704487650462376,7.47206303047807,F:\stt\传感器优化\ga_pc_vs_20dof_stage5_results\ga_candidate_cache.csv,ga_candidate_cache.csv,sensor_tuple:numeric-0idx,6,59,mean_unmon_nrmse,worst_unmon_nrmse,fitness,166,00100001000100010000
DOF1-DOF10-DOF14-DOF17,0.1350184166456244,0.3910843373801348,7.406397029652926,F:\stt\传感器优化\ga_pc_vs_20dof_stage5_results\ga_candidate_cache.csv,ga_candidate_cache.csv,sensor_tuple:numeric-0idx,6,66,mean_unmon_nrmse,worst_unmon_nrmse,fitness,167,10000000010001001000
DOF2-DOF3-DOF10-DOF18,0.1350576911016905,0.4505095067143502,7.404243266972886,F:\stt\传感器优化\ga_pc_vs_20dof_stage5_results\ga_candidate_cache.csv,ga_candidate_cache.csv,sensor_tuple:numeric-1idx,6,76,mean_unmon_nrmse,worst_unmon_nrmse,fitness,168,01100000010000000100
DOF3-DOF4-DOF11-DOF19,0.1350576911016905,0.4505095067143502,7.404243266972886,F:\stt\传感器优化\ga_pc_vs_20dof_stage5_results\ga_candidate_cache.csv,ga_candidate_cache.csv,sensor_tuple:numeric-0idx,6,76,mean_unmon_nrmse,worst_unmon_nrmse,fitness,169,00110000001000000010
DOF1-DOF6-DOF11-DOF16,0.1352432113153139,0.3954588956408524,7.394086477739335,F:\stt\传感器优化\ga_pc_vs_20dof_stage5_results\ga_candidate_cache.csv,ga_candidate_cache.csv,sensor_tuple:numeric-0idx,6,68,mean_unmon_nrmse,worst_unmon_nrmse,fitness,170,10000100001000010000
DOF3-DOF8-DOF17-DOF19,0.1352560915345183,0.3583652576070452,7.39338235082299,F:\stt\传感器优化\ga_pc_vs_20dof_stage5_results\ga_candidate_cache.csv,ga_candidate_cache.csv,sensor_tuple:numeric-0idx,6,57,mean_unmon_nrmse,worst_unmon_nrmse,fitness,171,00100001000000001010
DOF2-DOF7-DOF16-DOF18,0.1352560915345183,0.3583652576070452,7.39338235082299,F:\stt\传感器优化\ga_pc_vs_20dof_stage5_results\ga_candidate_cache.csv,ga_candidate_cache.csv,sensor_tuple:numeric-1idx,6,57,mean_unmon_nrmse,worst_unmon_nrmse,fitness,172,01000010000000010100
DOF3-DOF6-DOF10-DOF19,0.1357013207616813,0.4191483953195082,7.36912503415373,F:\stt\传感器优化\ga_pc_vs_20dof_stage5_results\ga_candidate_cache.csv,ga_candidate_cache.csv,sensor_tuple:numeric-1idx,6,73,mean_unmon_nrmse,worst_unmon_nrmse,fitness,173,00100100010000000010
DOF4-DOF7-DOF11-DOF20,0.1357013207616813,0.4191483953195082,7.36912503415373,F:\stt\传感器优化\ga_pc_vs_20dof_stage5_results\ga_candidate_cache.csv,ga_candidate_cache.csv,sensor_tuple:numeric-0idx,6,73,mean_unmon_nrmse,worst_unmon_nrmse,fitness,174,00010010001000000001
DOF2-DOF3-DOF8-DOF16,0.1380258374459274,0.4102524017111358,7.2450203418219585,F:\stt\传感器优化\ga_pc_vs_20dof_stage5_results\ga_candidate_cache.csv,ga_candidate_cache.csv,sensor_tuple:numeric-1idx,6,72,mean_unmon_nrmse,worst_unmon_nrmse,fitness,175,01100001000000010000
DOF3-DOF4-DOF9-DOF17,0.1380258374459274,0.4102524017111358,7.2450203418219585,F:\stt\传感器优化\ga_pc_vs_20dof_stage5_results\ga_candidate_cache.csv,ga_candidate_cache.csv,sensor_tuple:numeric-0idx,6,72,mean_unmon_nrmse,worst_unmon_nrmse,fitness,176,00110000100000001000
DOF5-DOF10-DOF16-DOF18,0.1380518792424153,0.3162143725690401,7.243653657454266,F:\stt\传感器优化\ga_pc_vs_20dof_stage5_results\ga_candidate_cache.csv,ga_candidate_cache.csv,sensor_tuple:numeric-0idx,6,48,mean_unmon_nrmse,worst_unmon_nrmse,fitness,177,00001000010000010100
DOF4-DOF9-DOF15-DOF17,0.1380518792424153,0.3162143725690401,7.243653657454266,F:\stt\传感器优化\ga_pc_vs_20dof_stage5_results\ga_candidate_cache.csv,ga_candidate_cache.csv,sensor_tuple:numeric-1idx,6,48,mean_unmon_nrmse,worst_unmon_nrmse,fitness,178,00010000100000101000
DOF2-DOF9-DOF13-DOF15,0.1380765480897293,0.3951709227509343,7.2423595015056845,F:\stt\传感器优化\ga_pc_vs_20dof_stage5_results\ga_candidate_cache.csv,ga_candidate_cache.csv,sensor_tuple:numeric-1idx,6,69,mean_unmon_nrmse,worst_unmon_nrmse,fitness,179,01000000100010100000
DOF3-DOF10-DOF14-DOF16,0.1380765480897293,0.3951709227509343,7.2423595015056845,F:\stt\传感器优化\ga_pc_vs_20dof_stage5_results\ga_candidate_cache.csv,ga_candidate_cache.csv,sensor_tuple:numeric-0idx,6,69,mean_unmon_nrmse,worst_unmon_nrmse,fitness,180,00100000010001010000
DOF3-DOF14-DOF17-DOF20,0.1389834753324808,0.5189371940205239,7.195099975738644,F:\stt\传感器优化\ga_pc_vs_20dof_stage5_results\combined_clean_mask_ranking.csv,combined_clean_mask_ranking.csv,mask_name:dof-prefix,1,98,mean_unmon_nrmse,worst_unmon_nrmse,,181,00100000000001001001
DOF2-DOF7-DOF8-DOF16,0.1390822584610496,0.3992553756972704,7.1899896583349125,F:\stt\传感器优化\ga_pc_vs_20dof_stage5_results\ga_candidate_cache.csv,ga_candidate_cache.csv,sensor_tuple:numeric-1idx,6,71,mean_unmon_nrmse,worst_unmon_nrmse,fitness,182,01000011000000010000
DOF3-DOF8-DOF9-DOF17,0.1390822584610496,0.3992553756972704,7.1899896583349125,F:\stt\传感器优化\ga_pc_vs_20dof_stage5_results\ga_candidate_cache.csv,ga_candidate_cache.csv,sensor_tuple:numeric-0idx,6,71,mean_unmon_nrmse,worst_unmon_nrmse,fitness,183,00100001100000001000
DOF4-DOF8-DOF10-DOF19,0.1408207736403228,0.4373027394366223,7.101225012064253,F:\stt\传感器优化\ga_pc_vs_20dof_stage5_results\ga_candidate_cache.csv,ga_candidate_cache.csv,sensor_tuple:numeric-0idx,6,77,mean_unmon_nrmse,worst_unmon_nrmse,fitness,184,00010001010000000010
DOF3-DOF7-DOF9-DOF18,0.1408207736403228,0.4373027394366223,7.101225012064253,F:\stt\传感器优化\ga_pc_vs_20dof_stage5_results\ga_candidate_cache.csv,ga_candidate_cache.csv,sensor_tuple:numeric-1idx,6,77,mean_unmon_nrmse,worst_unmon_nrmse,fitness,185,00100010100000000100
DOF1-DOF3-DOF12-DOF18,0.1410199172713701,0.4627359089410837,7.091196898581142,F:\stt\传感器优化\ga_pc_vs_20dof_stage5_results\ga_candidate_cache.csv,ga_candidate_cache.csv,sensor_tuple:numeric-1idx,6,88,mean_unmon_nrmse,worst_unmon_nrmse,fitness,186,10100000000100000100
DOF2-DOF4-DOF13-DOF19,0.1410199172713701,0.4627359089410837,7.091196898581142,F:\stt\传感器优化\ga_pc_vs_20dof_stage5_results\ga_candidate_cache.csv,ga_candidate_cache.csv,sensor_tuple:numeric-0idx,6,88,mean_unmon_nrmse,worst_unmon_nrmse,fitness,187,01010000000010000010
DOF2-DOF4-DOF10-DOF19,0.1413128524090692,0.4509960749931254,7.07649716883604,F:\stt\传感器优化\ga_pc_vs_20dof_stage5_results\ga_candidate_cache.csv,ga_candidate_cache.csv,sensor_tuple:numeric-1idx,6,83,mean_unmon_nrmse,worst_unmon_nrmse,fitness,188,01010000010000000010
DOF3-DOF5-DOF11-DOF20,0.1413128524090692,0.4509960749931254,7.07649716883604,F:\stt\传感器优化\ga_pc_vs_20dof_stage5_results\ga_candidate_cache.csv,ga_candidate_cache.csv,sensor_tuple:numeric-0idx,6,83,mean_unmon_nrmse,worst_unmon_nrmse,fitness,189,00101000001000000001
DOF3-DOF5-DOF14-DOF19,0.1429652455414851,0.4350685994915151,6.994706973750688,F:\stt\传感器优化\ga_pc_vs_20dof_stage5_results\ga_candidate_cache.csv,ga_candidate_cache.csv,sensor_tuple:numeric-0idx,6,78,mean_unmon_nrmse,worst_unmon_nrmse,fitness,190,00101000000001000010
DOF2-DOF4-DOF13-DOF18,0.1429652455414851,0.4350685994915151,6.994706973750688,F:\stt\传感器优化\ga_pc_vs_20dof_stage5_results\ga_candidate_cache.csv,ga_candidate_cache.csv,sensor_tuple:numeric-1idx,6,78,mean_unmon_nrmse,worst_unmon_nrmse,fitness,191,01010000000010000100
DOF3-DOF5-DOF14-DOF20,0.1431295565259526,0.438999457194512,6.986677135492212,F:\stt\传感器优化\ga_pc_vs_20dof_stage5_results\ga_candidate_cache.csv,ga_candidate_cache.csv,sensor_tuple:numeric-0idx,6,80,mean_unmon_nrmse,worst_unmon_nrmse,fitness,192,00101000000001000001
DOF4-DOF5-DOF14-DOF19,0.1431468426680114,0.4414308340320997,6.985833437571734,F:\stt\传感器优化\ga_pc_vs_20dof_stage5_results\ga_candidate_cache.csv,ga_candidate_cache.csv,sensor_tuple:numeric-0idx,6,81,mean_unmon_nrmse,worst_unmon_nrmse,fitness,193,00011000000001000010
DOF3-DOF4-DOF13-DOF18,0.1431468426680114,0.4414308340320997,6.985833437571734,F:\stt\传感器优化\ga_pc_vs_20dof_stage5_results\ga_candidate_cache.csv,ga_candidate_cache.csv,sensor_tuple:numeric-1idx,6,81,mean_unmon_nrmse,worst_unmon_nrmse,fitness,194,00110000000010000100
DOF3-DOF4-DOF13-DOF19,0.1445447369870885,0.4454024626655465,6.918273337633918,F:\stt\传感器优化\ga_pc_vs_20dof_stage5_results\ga_candidate_cache.csv,ga_candidate_cache.csv,sensor_tuple:numeric-1idx,6,84,mean_unmon_nrmse,worst_unmon_nrmse,fitness,195,00110000000010000010
DOF4-DOF5-DOF14-DOF20,0.1445447369870885,0.4454024626655465,6.918273337633918,F:\stt\传感器优化\ga_pc_vs_20dof_stage5_results\ga_candidate_cache.csv,ga_candidate_cache.csv,sensor_tuple:numeric-0idx,6,84,mean_unmon_nrmse,worst_unmon_nrmse,fitness,196,00011000000001000001
DOF4-DOF7-DOF10-DOF19,0.1466998100697422,0.4282323531719313,6.816641408859192,F:\stt\传感器优化\ga_pc_vs_20dof_stage5_results\ga_candidate_cache.csv,ga_candidate_cache.csv,sensor_tuple:numeric-1idx,6,79,mean_unmon_nrmse,worst_unmon_nrmse,fitness,197,00010010010000000010
DOF5-DOF8-DOF11-DOF20,0.1466998100697422,0.4282323531719313,6.816641408859192,F:\stt\传感器优化\ga_pc_vs_20dof_stage5_results\ga_candidate_cache.csv,ga_candidate_cache.csv,sensor_tuple:numeric-0idx,6,79,mean_unmon_nrmse,worst_unmon_nrmse,fitness,198,00001001001000000001
DOF3-DOF4-DOF13-DOF20,0.1477519662803804,0.4744828448644295,6.768099438322123,F:\stt\传感器优化\ga_pc_vs_20dof_stage5_results\ga_candidate_cache.csv,ga_candidate_cache.csv,sensor_tuple:numeric-0idx,6,98,mean_unmon_nrmse,worst_unmon_nrmse,fitness,199,00110000000010000001
DOF2-DOF3-DOF12-DOF19,0.1477519662803804,0.4744828448644295,6.768099438322123,F:\stt\传感器优化\ga_pc_vs_20dof_stage5_results\ga_candidate_cache.csv,ga_candidate_cache.csv,sensor_tuple:numeric-1idx,6,98,mean_unmon_nrmse,worst_unmon_nrmse,fitness,200,01100000000100000010
DOF1-DOF2-DOF11-DOF18,0.1483955290136586,0.4719077959867235,6.738747498930506,F:\stt\传感器优化\ga_pc_vs_20dof_stage5_results\ga_candidate_cache.csv,ga_candidate_cache.csv,sensor_tuple:numeric-1idx,6,97,mean_unmon_nrmse,worst_unmon_nrmse,fitness,201,11000000001000000100
DOF2-DOF3-DOF11-DOF19,0.1484050974980687,0.4656879381534722,6.738313015200002,F:\stt\传感器优化\ga_pc_vs_20dof_stage5_results\ga_candidate_cache.csv,ga_candidate_cache.csv,sensor_tuple:numeric-1idx,6,95,mean_unmon_nrmse,worst_unmon_nrmse,fitness,202,01100000001000000010
DOF3-DOF4-DOF12-DOF20,0.1484050974980687,0.4656879381534722,6.738313015200002,F:\stt\传感器优化\ga_pc_vs_20dof_stage5_results\ga_candidate_cache.csv,ga_candidate_cache.csv,sensor_tuple:numeric-0idx,6,95,mean_unmon_nrmse,worst_unmon_nrmse,fitness,203,00110000000100000001
DOF2-DOF7-DOF10-DOF20,0.14953577425015,0.4646380559010998,6.687362973895924,F:\stt\传感器优化\ga_pc_vs_20dof_stage5_results\ga_candidate_cache.csv,ga_candidate_cache.csv,sensor_tuple:numeric-0idx,6,96,mean_unmon_nrmse,worst_unmon_nrmse,fitness,204,01000010010000000001
DOF1-DOF6-DOF9-DOF19,0.14953577425015,0.4646380559010998,6.687362973895924,F:\stt\传感器优化\ga_pc_vs_20dof_stage5_results\ga_candidate_cache.csv,ga_candidate_cache.csv,sensor_tuple:numeric-1idx,6,96,mean_unmon_nrmse,worst_unmon_nrmse,fitness,205,10000100100000000010
DOF3-DOF6-DOF10-DOF16,0.150848261560933,0.3980109666070585,6.629178153236025,F:\stt\传感器优化\ga_pc_vs_20dof_stage5_results\ga_candidate_cache.csv,ga_candidate_cache.csv,sensor_tuple:numeric-0idx,6,75,mean_unmon_nrmse,worst_unmon_nrmse,fitness,206,00100100010000010000
DOF2-DOF5-DOF9-DOF15,0.150848261560933,0.3980109666070585,6.629178153236025,F:\stt\传感器优化\ga_pc_vs_20dof_stage5_results\ga_candidate_cache.csv,ga_candidate_cache.csv,sensor_tuple:numeric-1idx,6,75,mean_unmon_nrmse,worst_unmon_nrmse,fitness,207,01001000100000100000
DOF2-DOF9-DOF10-DOF19,0.1512302691616013,0.428640752086196,6.612432851817581,F:\stt\传感器优化\ga_pc_vs_20dof_stage5_results\ga_candidate_cache.csv,ga_candidate_cache.csv,sensor_tuple:numeric-1idx,6,86,mean_unmon_nrmse,worst_unmon_nrmse,fitness,208,01000000110000000010
DOF3-DOF10-DOF11-DOF20,0.1512302691616013,0.428640752086196,6.612432851817581,F:\stt\传感器优化\ga_pc_vs_20dof_stage5_results\ga_candidate_cache.csv,ga_candidate_cache.csv,sensor_tuple:numeric-0idx,6,86,mean_unmon_nrmse,worst_unmon_nrmse,fitness,209,00100000011000000001
DOF2-DOF3-DOF8-DOF17,0.1525195247512754,0.4422331406157275,6.556537608048646,F:\stt\传感器优化\ga_pc_vs_20dof_stage5_results\ga_candidate_cache.csv,ga_candidate_cache.csv,sensor_tuple:numeric-1idx,6,91,mean_unmon_nrmse,worst_unmon_nrmse,fitness,210,01100001000000001000
DOF3-DOF4-DOF9-DOF18,0.1525195247512754,0.4422331406157275,6.556537608048646,F:\stt\传感器优化\ga_pc_vs_20dof_stage5_results\ga_candidate_cache.csv,ga_candidate_cache.csv,sensor_tuple:numeric-0idx,6,91,mean_unmon_nrmse,worst_unmon_nrmse,fitness,211,00110000100000000100
DOF5-DOF9-DOF11-DOF20,0.1528234505817136,0.4287684235620672,6.543498371401866,F:\stt\传感器优化\ga_pc_vs_20dof_stage5_results\ga_candidate_cache.csv,ga_candidate_cache.csv,sensor_tuple:numeric-0idx,6,87,mean_unmon_nrmse,worst_unmon_nrmse,fitness,212,00001000101000000001
DOF1-DOF3-DOF12-DOF17,0.153003435453784,0.4600730578622598,6.535800957851843,F:\stt\传感器优化\ga_pc_vs_20dof_stage5_results\ga_candidate_cache.csv,ga_candidate_cache.csv,sensor_tuple:numeric-1idx,6,99,mean_unmon_nrmse,worst_unmon_nrmse,fitness,213,10100000000100001000
DOF4-DOF8-DOF10-DOF20,0.1541771828858897,0.4688497005614822,6.48604405188567,F:\stt\传感器优化\ga_pc_vs_20dof_stage5_results\ga_candidate_cache.csv,ga_candidate_cache.csv,sensor_tuple:numeric-0idx,6,102,mean_unmon_nrmse,worst_unmon_nrmse,fitness,214,00010001010000000001
DOF3-DOF7-DOF9-DOF19,0.1541771828858897,0.4688497005614822,6.48604405188567,F:\stt\传感器优化\ga_pc_vs_20dof_stage5_results\ga_candidate_cache.csv,ga_candidate_cache.csv,sensor_tuple:numeric-1idx,6,102,mean_unmon_nrmse,worst_unmon_nrmse,fitness,215,00100010100000000010
DOF4-DOF9-DOF10-DOF20,0.1545442944498133,0.4732215377794102,6.470636807095258,F:\stt\传感器优化\ga_pc_vs_20dof_stage5_results\ga_candidate_cache.csv,ga_candidate_cache.csv,sensor_tuple:numeric-0idx,6,105,mean_unmon_nrmse,worst_unmon_nrmse,fitness,216,00010000110000000001
DOF3-DOF8-DOF9-DOF19,0.1545442944498133,0.4732215377794102,6.470636807095258,F:\stt\传感器优化\ga_pc_vs_20dof_stage5_results\ga_candidate_cache.csv,ga_candidate_cache.csv,sensor_tuple:numeric-1idx,6,105,mean_unmon_nrmse,worst_unmon_nrmse,fitness,217,00100001100000000010
DOF1-DOF4-DOF10-DOF16,0.1549494839589594,0.4154971759659707,6.453716233468778,F:\stt\传感器优化\ga_pc_vs_20dof_stage5_results\ga_candidate_cache.csv,ga_candidate_cache.csv,sensor_tuple:numeric-0idx,6,85,mean_unmon_nrmse,worst_unmon_nrmse,fitness,218,10010000010000010000
DOF2-DOF3-DOF9-DOF19,0.1551167684780217,0.4965754554600714,6.446756271455216,F:\stt\传感器优化\ga_pc_vs_20dof_stage5_results\ga_candidate_cache.csv,ga_candidate_cache.csv,sensor_tuple:numeric-1idx,6,115,mean_unmon_nrmse,worst_unmon_nrmse,fitness,219,01100000100000000010
DOF3-DOF4-DOF10-DOF20,0.1551167684780217,0.4965754554600714,6.446756271455216,F:\stt\传感器优化\ga_pc_vs_20dof_stage5_results\ga_candidate_cache.csv,ga_candidate_cache.csv,sensor_tuple:numeric-0idx,6,115,mean_unmon_nrmse,worst_unmon_nrmse,fitness,220,00110000010000000001
DOF2-DOF7-DOF9-DOF19,0.1556973657199872,0.4619510716481232,6.422716244229976,F:\stt\传感器优化\ga_pc_vs_20dof_stage5_results\ga_candidate_cache.csv,ga_candidate_cache.csv,sensor_tuple:numeric-1idx,6,101,mean_unmon_nrmse,worst_unmon_nrmse,fitness,221,01000010100000000010
DOF3-DOF8-DOF10-DOF20,0.1556973657199872,0.4619510716481232,6.422716244229976,F:\stt\传感器优化\ga_pc_vs_20dof_stage5_results\ga_candidate_cache.csv,ga_candidate_cache.csv,sensor_tuple:numeric-0idx,6,101,mean_unmon_nrmse,worst_unmon_nrmse,fitness,222,00100001010000000001
DOF3-DOF7-DOF10-DOF20,0.1566995313199204,0.4645362998392132,6.381640018769434,F:\stt\传感器优化\ga_pc_vs_20dof_stage5_results\ga_candidate_cache.csv,ga_candidate_cache.csv,sensor_tuple:numeric-0idx,6,104,mean_unmon_nrmse,worst_unmon_nrmse,fitness,223,00100010010000000001
DOF2-DOF6-DOF9-DOF19,0.1566995313199204,0.4645362998392132,6.381640018769434,F:\stt\传感器优化\ga_pc_vs_20dof_stage5_results\ga_candidate_cache.csv,ga_candidate_cache.csv,sensor_tuple:numeric-1idx,6,104,mean_unmon_nrmse,worst_unmon_nrmse,fitness,224,01000100100000000010
DOF2-DOF10-DOF14-DOF15,0.1571097491202228,0.4349511918510991,6.364977384238705,F:\stt\传感器优化\ga_pc_vs_20dof_stage5_results\ga_candidate_cache.csv,ga_candidate_cache.csv,sensor_tuple:numeric-1idx,6,94,mean_unmon_nrmse,worst_unmon_nrmse,fitness,225,01000000010001100000
DOF3-DOF11-DOF15-DOF16,0.1571097491202228,0.4349511918510991,6.364977384238705,F:\stt\传感器优化\ga_pc_vs_20dof_stage5_results\ga_candidate_cache.csv,ga_candidate_cache.csv,sensor_tuple:numeric-0idx,6,94,mean_unmon_nrmse,worst_unmon_nrmse,fitness,226,00100000001000110000
DOF1-DOF11-DOF16-DOF19,0.157357552974692,0.4013242702206379,6.354953931918833,F:\stt\传感器优化\ga_pc_vs_20dof_stage5_results\ga_candidate_cache.csv,ga_candidate_cache.csv,sensor_tuple:numeric-0idx,6,82,mean_unmon_nrmse,worst_unmon_nrmse,fitness,227,10000000001000010010
DOF1-DOF4-DOF11-DOF16,0.1574285478431784,0.4317204425652824,6.3520880659446375,F:\stt\传感器优化\ga_pc_vs_20dof_stage5_results\ga_candidate_cache.csv,ga_candidate_cache.csv,sensor_tuple:numeric-0idx,6,92,mean_unmon_nrmse,worst_unmon_nrmse,fitness,228,10010000001000010000
DOF2-DOF12-DOF13-DOF18,0.1575197137182943,0.4249183496811117,6.348411740907778,F:\stt\传感器优化\ga_pc_vs_20dof_stage5_results\ga_candidate_cache.csv,ga_candidate_cache.csv,sensor_tuple:numeric-0idx,6,90,mean_unmon_nrmse,worst_unmon_nrmse,fitness,229,01000000000110000100
DOF1-DOF11-DOF12-DOF17,0.1575197137182943,0.4249183496811117,6.348411740907778,F:\stt\传感器优化\ga_pc_vs_20dof_stage5_results\ga_candidate_cache.csv,ga_candidate_cache.csv,sensor_tuple:numeric-1idx,6,90,mean_unmon_nrmse,worst_unmon_nrmse,fitness,230,10000000001100001000
DOF2-DOF4-DOF14-DOF20,0.1582352136242993,0.4886192126373662,6.319705816987097,F:\stt\传感器优化\ga_pc_vs_20dof_stage5_results\ga_candidate_cache.csv,ga_candidate_cache.csv,sensor_tuple:numeric-0idx,6,116,mean_unmon_nrmse,worst_unmon_nrmse,fitness,231,01010000000001000001
DOF1-DOF3-DOF13-DOF19,0.1582352136242993,0.4886192126373662,6.319705816987097,F:\stt\传感器优化\ga_pc_vs_20dof_stage5_results\ga_candidate_cache.csv,ga_candidate_cache.csv,sensor_tuple:numeric-1idx,6,116,mean_unmon_nrmse,worst_unmon_nrmse,fitness,232,10100000000010000010
DOF2-DOF7-DOF8-DOF18,0.159447193326017,0.4736005893189836,6.271668877539021,F:\stt\传感器优化\ga_pc_vs_20dof_stage5_results\ga_candidate_cache.csv,ga_candidate_cache.csv,sensor_tuple:numeric-1idx,6,111,mean_unmon_nrmse,worst_unmon_nrmse,fitness,233,01000011000000000100
DOF2-DOF9-DOF18-DOF19,0.1598020693296107,0.4954083687755752,6.257741243207081,F:\stt\传感器优化\ga_pc_vs_20dof_stage5_results\ga_candidate_cache.csv,ga_candidate_cache.csv,sensor_tuple:numeric-1idx,6,121,mean_unmon_nrmse,worst_unmon_nrmse,fitness,234,01000000100000000110
DOF3-DOF10-DOF19-DOF20,0.1598020693296107,0.4954083687755752,6.257741243207081,F:\stt\传感器优化\ga_pc_vs_20dof_stage5_results\ga_candidate_cache.csv,ga_candidate_cache.csv,sensor_tuple:numeric-0idx,6,121,mean_unmon_nrmse,worst_unmon_nrmse,fitness,235,00100000010000000011
DOF4-DOF8-DOF9-DOF19,0.1602325580721362,0.4806614670968037,6.240928885024491,F:\stt\传感器优化\ga_pc_vs_20dof_stage5_results\ga_candidate_cache.csv,ga_candidate_cache.csv,sensor_tuple:numeric-0idx,6,114,mean_unmon_nrmse,worst_unmon_nrmse,fitness,236,00010001100000000010
DOF3-DOF7-DOF8-DOF18,0.1602325580721362,0.4806614670968037,6.240928885024491,F:\stt\传感器优化\ga_pc_vs_20dof_stage5_results\ga_candidate_cache.csv,ga_candidate_cache.csv,sensor_tuple:numeric-1idx,6,114,mean_unmon_nrmse,worst_unmon_nrmse,fitness,237,00100011000000000100
DOF1-DOF3-DOF9-DOF19,0.160643900250491,0.4853942236971386,6.224948463243742,F:\stt\传感器优化\ga_pc_vs_20dof_stage5_results\ga_candidate_cache.csv,ga_candidate_cache.csv,sensor_tuple:numeric-0idx,6,117,mean_unmon_nrmse,worst_unmon_nrmse,fitness,238,10100000100000000010
DOF3-DOF13-DOF14-DOF19,0.1607112218028976,0.4566949132115742,6.222340846989614,F:\stt\传感器优化\ga_pc_vs_20dof_stage5_results\ga_candidate_cache.csv,ga_candidate_cache.csv,sensor_tuple:numeric-0idx,6,106,mean_unmon_nrmse,worst_unmon_nrmse,fitness,239,00100000000011000010
DOF5-DOF9-DOF10-DOF16,0.1610011196276359,0.4234021618965297,6.211136930641185,F:\stt\传感器优化\ga_pc_vs_20dof_stage5_results\ga_candidate_cache.csv,ga_candidate_cache.csv,sensor_tuple:numeric-0idx,6,93,mean_unmon_nrmse,worst_unmon_nrmse,fitness,240,00001000110000010000
DOF4-DOF8-DOF9-DOF15,0.1610011196276359,0.4234021618965297,6.211136930641185,F:\stt\传感器优化\ga_pc_vs_20dof_stage5_results\ga_candidate_cache.csv,ga_candidate_cache.csv,sensor_tuple:numeric-1idx,6,93,mean_unmon_nrmse,worst_unmon_nrmse,fitness,241,00010001100000100000
DOF2-DOF3-DOF13-DOF19,0.1625196715252371,0.4931449906638418,6.153101286809827,F:\stt\传感器优化\ga_pc_vs_20dof_stage5_results\ga_candidate_cache.csv,ga_candidate_cache.csv,sensor_tuple:numeric-1idx,6,122,mean_unmon_nrmse,worst_unmon_nrmse,fitness,242,01100000000010000010
DOF3-DOF4-DOF14-DOF20,0.1625196715252371,0.4931449906638418,6.153101286809827,F:\stt\传感器优化\ga_pc_vs_20dof_stage5_results\ga_candidate_cache.csv,ga_candidate_cache.csv,sensor_tuple:numeric-0idx,6,122,mean_unmon_nrmse,worst_unmon_nrmse,fitness,243,00110000000001000001
DOF4-DOF9-DOF10-DOF19,0.1625408949304858,0.4404148583145427,6.152297859695677,F:\stt\传感器优化\ga_pc_vs_20dof_stage5_results\ga_candidate_cache.csv,ga_candidate_cache.csv,sensor_tuple:numeric-1idx,6,100,mean_unmon_nrmse,worst_unmon_nrmse,fitness,244,00010000110000000010
DOF5-DOF10-DOF11-DOF20,0.1625408949304858,0.4404148583145427,6.152297859695677,F:\stt\传感器优化\ga_pc_vs_20dof_stage5_results\ga_candidate_cache.csv,ga_candidate_cache.csv,sensor_tuple:numeric-0idx,6,100,mean_unmon_nrmse,worst_unmon_nrmse,fitness,245,00001000011000000001
DOF3-DOF13-DOF16-DOF20,0.162673616880742,0.4616382849584685,6.147278330492675,F:\stt\传感器优化\ga_pc_vs_20dof_stage5_results\ga_candidate_cache.csv,ga_candidate_cache.csv,sensor_tuple:numeric-0idx,6,109,mean_unmon_nrmse,worst_unmon_nrmse,fitness,246,00100000000010010001
DOF2-DOF12-DOF15-DOF19,0.162673616880742,0.4616382849584685,6.147278330492675,F:\stt\传感器优化\ga_pc_vs_20dof_stage5_results\ga_candidate_cache.csv,ga_candidate_cache.csv,sensor_tuple:numeric-1idx,6,109,mean_unmon_nrmse,worst_unmon_nrmse,fitness,247,01000000000100100010
DOF6-DOF9-DOF14-DOF19,0.1626792718334472,0.3470918700561376,6.147064642738651,F:\stt\传感器优化\ga_pc_vs_20dof_stage5_results\ga_candidate_cache.csv,ga_candidate_cache.csv,sensor_tuple:numeric-0idx,6,74,mean_unmon_nrmse,worst_unmon_nrmse,fitness,248,00000100100001000010
DOF5-DOF8-DOF13-DOF18,0.1626792718334472,0.3470918700561376,6.147064642738651,F:\stt\传感器优化\ga_pc_vs_20dof_stage5_results\ga_candidate_cache.csv,ga_candidate_cache.csv,sensor_tuple:numeric-1idx,6,74,mean_unmon_nrmse,worst_unmon_nrmse,fitness,249,00001001000010000100
DOF1-DOF2-DOF12-DOF19,0.163319961187918,0.500568759659605,6.12295026719523,F:\stt\传感器优化\ga_pc_vs_20dof_stage5_results\ga_candidate_cache.csv,ga_candidate_cache.csv,sensor_tuple:numeric-1idx,6,124,mean_unmon_nrmse,worst_unmon_nrmse,fitness,250,11000000000100000010
DOF2-DOF3-DOF13-DOF20,0.163319961187918,0.500568759659605,6.12295026719523,F:\stt\传感器优化\ga_pc_vs_20dof_stage5_results\ga_candidate_cache.csv,ga_candidate_cache.csv,sensor_tuple:numeric-0idx,6,124,mean_unmon_nrmse,worst_unmon_nrmse,fitness,251,01100000000010000001
DOF3-DOF4-DOF14-DOF19,0.1657557410958464,0.4888451118541291,6.032973539153182,F:\stt\传感器优化\ga_pc_vs_20dof_stage5_results\ga_candidate_cache.csv,ga_candidate_cache.csv,sensor_tuple:numeric-0idx,6,123,mean_unmon_nrmse,worst_unmon_nrmse,fitness,252,00110000000001000010
DOF2-DOF3-DOF13-DOF18,0.1657557410958464,0.4888451118541291,6.032973539153182,F:\stt\传感器优化\ga_pc_vs_20dof_stage5_results\ga_candidate_cache.csv,ga_candidate_cache.csv,sensor_tuple:numeric-1idx,6,123,mean_unmon_nrmse,worst_unmon_nrmse,fitness,253,01100000000010000100
DOF4-DOF5-DOF8-DOF15,0.1658651923531714,0.4376839608640285,6.028992495693148,F:\stt\传感器优化\ga_pc_vs_20dof_stage5_results\ga_candidate_cache.csv,ga_candidate_cache.csv,sensor_tuple:numeric-1idx,6,103,mean_unmon_nrmse,worst_unmon_nrmse,fitness,254,00011001000000100000
DOF5-DOF6-DOF9-DOF16,0.1658651923531714,0.4376839608640285,6.028992495693148,F:\stt\传感器优化\ga_pc_vs_20dof_stage5_results\ga_candidate_cache.csv,ga_candidate_cache.csv,sensor_tuple:numeric-0idx,6,103,mean_unmon_nrmse,worst_unmon_nrmse,fitness,255,00001100100000010000
DOF4-DOF10-DOF19-DOF20,0.1663836679967447,0.4948176438927896,6.010205280566088,F:\stt\传感器优化\ga_pc_vs_20dof_stage5_results\ga_candidate_cache.csv,ga_candidate_cache.csv,sensor_tuple:numeric-0idx,6,126,mean_unmon_nrmse,worst_unmon_nrmse,fitness,256,00010000010000000011
DOF3-DOF9-DOF18-DOF19,0.1663836679967447,0.4948176438927896,6.010205280566088,F:\stt\传感器优化\ga_pc_vs_20dof_stage5_results\ga_candidate_cache.csv,ga_candidate_cache.csv,sensor_tuple:numeric-1idx,6,126,mean_unmon_nrmse,worst_unmon_nrmse,fitness,257,00100000100000000110
DOF2-DOF5-DOF13-DOF15,0.1671287092838272,0.4541060489736498,5.983412450674536,F:\stt\传感器优化\ga_pc_vs_20dof_stage5_results\ga_candidate_cache.csv,ga_candidate_cache.csv,sensor_tuple:numeric-1idx,6,113,mean_unmon_nrmse,worst_unmon_nrmse,fitness,258,01001000000010100000
DOF3-DOF6-DOF14-DOF16,0.1671287092838272,0.4541060489736498,5.983412450674536,F:\stt\传感器优化\ga_pc_vs_20dof_stage5_results\ga_candidate_cache.csv,ga_candidate_cache.csv,sensor_tuple:numeric-0idx,6,113,mean_unmon_nrmse,worst_unmon_nrmse,fitness,259,00100100000001010000
DOF4-DOF13-DOF19-DOF20,0.1673369304925687,0.5013592344061513,5.975967152322261,F:\stt\传感器优化\ga_pc_vs_20dof_stage5_results\ga_candidate_cache.csv,ga_candidate_cache.csv,sensor_tuple:numeric-0idx,6,132,mean_unmon_nrmse,worst_unmon_nrmse,fitness,260,00010000000010000011
DOF3-DOF12-DOF18-DOF19,0.1673369304925687,0.5013592344061513,5.975967152322261,F:\stt\传感器优化\ga_pc_vs_20dof_stage5_results\ga_candidate_cache.csv,ga_candidate_cache.csv,sensor_tuple:numeric-1idx,6,132,mean_unmon_nrmse,worst_unmon_nrmse,fitness,261,00100000000100000110
DOF2-DOF6-DOF8-DOF18,0.1681909868086394,0.4704392353829535,5.945621813443619,F:\stt\传感器优化\ga_pc_vs_20dof_stage5_results\ga_candidate_cache.csv,ga_candidate_cache.csv,sensor_tuple:numeric-1idx,6,120,mean_unmon_nrmse,worst_unmon_nrmse,fitness,262,01000101000000000100
DOF3-DOF6-DOF9-DOF14,0.1696456682022623,0.4442610789769413,5.894639165214889,F:\stt\传感器优化\ga_pc_vs_20dof_stage5_results\ga_candidate_cache.csv,ga_candidate_cache.csv,sensor_tuple:numeric-1idx,6,110,mean_unmon_nrmse,worst_unmon_nrmse,fitness,263,00100100100001000000
DOF4-DOF7-DOF10-DOF15,0.1696456682022623,0.4442610789769413,5.894639165214889,F:\stt\传感器优化\ga_pc_vs_20dof_stage5_results\ga_candidate_cache.csv,ga_candidate_cache.csv,sensor_tuple:numeric-0idx,6,110,mean_unmon_nrmse,worst_unmon_nrmse,fitness,264,00010010010000100000
DOF4-DOF7-DOF9-DOF19,0.1700775340557564,0.4855399180565758,5.8796713248811034,F:\stt\传感器优化\ga_pc_vs_20dof_stage5_results\ga_candidate_cache.csv,ga_candidate_cache.csv,sensor_tuple:numeric-1idx,6,127,mean_unmon_nrmse,worst_unmon_nrmse,fitness,265,00010010100000000010
DOF5-DOF8-DOF10-DOF20,0.1700775340557564,0.4855399180565758,5.8796713248811034,F:\stt\传感器优化\ga_pc_vs_20dof_stage5_results\ga_candidate_cache.csv,ga_candidate_cache.csv,sensor_tuple:numeric-0idx,6,127,mean_unmon_nrmse,worst_unmon_nrmse,fitness,266,00001001010000000001
DOF5-DOF10-DOF12-DOF18,0.1701664298083659,0.3804806096871787,5.876599756604638,F:\stt\传感器优化\ga_pc_vs_20dof_stage5_results\ga_candidate_cache.csv,ga_candidate_cache.csv,sensor_tuple:numeric-1idx,6,89,mean_unmon_nrmse,worst_unmon_nrmse,fitness,267,00001000010100000100
DOF6-DOF11-DOF13-DOF19,0.1701664298083659,0.3804806096871787,5.876599756604638,F:\stt\传感器优化\ga_pc_vs_20dof_stage5_results\ga_candidate_cache.csv,ga_candidate_cache.csv,sensor_tuple:numeric-0idx,6,89,mean_unmon_nrmse,worst_unmon_nrmse,fitness,268,00000100001010000010
DOF2-DOF8-DOF18-DOF19,0.1715420239503937,0.5100489878702372,5.829475349336843,F:\stt\传感器优化\ga_pc_vs_20dof_stage5_results\ga_candidate_cache.csv,ga_candidate_cache.csv,sensor_tuple:numeric-1idx,6,136,mean_unmon_nrmse,worst_unmon_nrmse,fitness,269,01000001000000000110
DOF3-DOF9-DOF19-DOF20,0.1715420239503937,0.5100489878702372,5.829475349336843,F:\stt\传感器优化\ga_pc_vs_20dof_stage5_results\ga_candidate_cache.csv,ga_candidate_cache.csv,sensor_tuple:numeric-0idx,6,136,mean_unmon_nrmse,worst_unmon_nrmse,fitness,270,00100000100000000011
DOF3-DOF13-DOF14-DOF18,0.1715469031436275,0.4590884633524664,5.829309545488685,F:\stt\传感器优化\ga_pc_vs_20dof_stage5_results\ga_candidate_cache.csv,ga_candidate_cache.csv,sensor_tuple:numeric-0idx,6,119,mean_unmon_nrmse,worst_unmon_nrmse,fitness,271,00100000000011000100
DOF2-DOF12-DOF13-DOF17,0.1715469031436275,0.4590884633524664,5.829309545488685,F:\stt\传感器优化\ga_pc_vs_20dof_stage5_results\ga_candidate_cache.csv,ga_candidate_cache.csv,sensor_tuple:numeric-1idx,6,119,mean_unmon_nrmse,worst_unmon_nrmse,fitness,272,01000000000110001000
DOF1-DOF7-DOF9-DOF20,0.1716535299886202,0.5109015417447311,5.825688525371248,F:\stt\传感器优化\ga_pc_vs_20dof_stage5_results\ga_candidate_cache.csv,ga_candidate_cache.csv,sensor_tuple:numeric-0idx,6,138,mean_unmon_nrmse,worst_unmon_nrmse,fitness,273,10000010100000000001
DOF4-DOF8-DOF13-DOF15,0.1721197269485503,0.4409862063363065,5.809909286534647,F:\stt\传感器优化\ga_pc_vs_20dof_stage5_results\ga_candidate_cache.csv,ga_candidate_cache.csv,sensor_tuple:numeric-0idx,6,112,mean_unmon_nrmse,worst_unmon_nrmse,fitness,274,00010001000010100000
DOF3-DOF7-DOF12-DOF14,0.1721197269485503,0.4409862063363065,5.809909286534647,F:\stt\传感器优化\ga_pc_vs_20dof_stage5_results\ga_candidate_cache.csv,ga_candidate_cache.csv,sensor_tuple:numeric-1idx,6,112,mean_unmon_nrmse,worst_unmon_nrmse,fitness,275,00100010000101000000
DOF3-DOF8-DOF12-DOF15,0.1730238844424466,0.4294746584633343,5.7795488941693085,F:\stt\传感器优化\ga_pc_vs_20dof_stage5_results\ga_candidate_cache.csv,ga_candidate_cache.csv,sensor_tuple:numeric-0idx,6,107,mean_unmon_nrmse,worst_unmon_nrmse,fitness,276,00100001000100100000
DOF2-DOF7-DOF11-DOF14,0.1730238844424466,0.4294746584633343,5.7795488941693085,F:\stt\传感器优化\ga_pc_vs_20dof_stage5_results\ga_candidate_cache.csv,ga_candidate_cache.csv,sensor_tuple:numeric-1idx,6,107,mean_unmon_nrmse,worst_unmon_nrmse,fitness,277,01000010001001000000
DOF2-DOF13-DOF14-DOF20,0.1731682238098784,0.4782550666299469,5.774731518249713,F:\stt\传感器优化\ga_pc_vs_20dof_stage5_results\ga_candidate_cache.csv,ga_candidate_cache.csv,sensor_tuple:numeric-0idx,6,128,mean_unmon_nrmse,worst_unmon_nrmse,fitness,278,01000000000011000001
DOF1-DOF12-DOF13-DOF19,0.1731682238098784,0.4782550666299469,5.774731518249713,F:\stt\传感器优化\ga_pc_vs_20dof_stage5_results\ga_candidate_cache.csv,ga_candidate_cache.csv,sensor_tuple:numeric-1idx,6,128,mean_unmon_nrmse,worst_unmon_nrmse,fitness,279,10000000000110000010
DOF1-DOF12-DOF13-DOF18,0.1734002022824475,0.4743282937945807,5.767005959804801,F:\stt\传感器优化\ga_pc_vs_20dof_stage5_results\ga_candidate_cache.csv,ga_candidate_cache.csv,sensor_tuple:numeric-1idx,6,125,mean_unmon_nrmse,worst_unmon_nrmse,fitness,280,10000000000110000100
DOF2-DOF13-DOF14-DOF19,0.1734002022824475,0.4743282937945807,5.767005959804801,F:\stt\传感器优化\ga_pc_vs_20dof_stage5_results\ga_candidate_cache.csv,ga_candidate_cache.csv,sensor_tuple:numeric-0idx,6,125,mean_unmon_nrmse,worst_unmon_nrmse,fitness,281,01000000000011000010
DOF4-DOF14-DOF15-DOF19,0.1734894845480868,0.4915983574999276,5.764038106396367,F:\stt\传感器优化\ga_pc_vs_20dof_stage5_results\ga_candidate_cache.csv,ga_candidate_cache.csv,sensor_tuple:numeric-0idx,6,133,mean_unmon_nrmse,worst_unmon_nrmse,fitness,282,00010000000001100010
DOF2-DOF4-DOF8-DOF19,0.1755541176676704,0.49891753939433,5.696249186745571,F:\stt\传感器优化\ga_pc_vs_20dof_stage5_results\ga_candidate_cache.csv,ga_candidate_cache.csv,sensor_tuple:numeric-0idx,6,137,mean_unmon_nrmse,worst_unmon_nrmse,fitness,283,01010001000000000010
DOF1-DOF3-DOF7-DOF18,0.1755541176676704,0.49891753939433,5.696249186745571,F:\stt\传感器优化\ga_pc_vs_20dof_stage5_results\ga_candidate_cache.csv,ga_candidate_cache.csv,sensor_tuple:numeric-1idx,6,137,mean_unmon_nrmse,worst_unmon_nrmse,fitness,284,10100010000000000100
DOF3-DOF5-DOF9-DOF20,0.1763992807572816,0.5126926528105831,5.668957354595404,F:\stt\传感器优化\ga_pc_vs_20dof_stage5_results\ga_candidate_cache.csv,ga_candidate_cache.csv,sensor_tuple:numeric-0idx,6,140,mean_unmon_nrmse,worst_unmon_nrmse,fitness,285,00101000100000000001
DOF3-DOF4-DOF8-DOF15,0.1764531905666234,0.4707115530426769,5.667225380188084,F:\stt\传感器优化\ga_pc_vs_20dof_stage5_results\ga_candidate_cache.csv,ga_candidate_cache.csv,sensor_tuple:numeric-0idx,6,129,mean_unmon_nrmse,worst_unmon_nrmse,fitness,286,00110001000000100000
DOF2-DOF3-DOF7-DOF14,0.1764531905666234,0.4707115530426769,5.667225380188084,F:\stt\传感器优化\ga_pc_vs_20dof_stage5_results\ga_candidate_cache.csv,ga_candidate_cache.csv,sensor_tuple:numeric-1idx,6,129,mean_unmon_nrmse,worst_unmon_nrmse,fitness,287,01100010000001000000
DOF2-DOF7-DOF18-DOF20,0.1771302536417349,0.4727583119438114,5.6455629653021475,F:\stt\传感器优化\ga_pc_vs_20dof_stage5_results\ga_candidate_cache.csv,ga_candidate_cache.csv,sensor_tuple:numeric-0idx,6,131,mean_unmon_nrmse,worst_unmon_nrmse,fitness,288,01000010000000000101
DOF1-DOF6-DOF17-DOF19,0.1771302536417349,0.4727583119438114,5.6455629653021475,F:\stt\传感器优化\ga_pc_vs_20dof_stage5_results\ga_candidate_cache.csv,ga_candidate_cache.csv,sensor_tuple:numeric-1idx,6,131,mean_unmon_nrmse,worst_unmon_nrmse,fitness,289,10000100000000001010
DOF1-DOF7-DOF18-DOF20,0.1772645678052203,0.4835643262706129,5.641285296750147,F:\stt\传感器优化\ga_pc_vs_20dof_stage5_results\ga_candidate_cache.csv,ga_candidate_cache.csv,sensor_tuple:numeric-0idx,6,134,mean_unmon_nrmse,worst_unmon_nrmse,fitness,290,10000010000000000101
DOF6-DOF9-DOF12-DOF20,0.1776460505199928,0.4173815942396517,5.629171023319924,F:\stt\传感器优化\ga_pc_vs_20dof_stage5_results\ga_candidate_cache.csv,ga_candidate_cache.csv,sensor_tuple:numeric-0idx,6,108,mean_unmon_nrmse,worst_unmon_nrmse,fitness,291,00000100100100000001
DOF5-DOF8-DOF11-DOF19,0.1776460505199928,0.4173815942396517,5.629171023319924,F:\stt\传感器优化\ga_pc_vs_20dof_stage5_results\ga_candidate_cache.csv,ga_candidate_cache.csv,sensor_tuple:numeric-1idx,6,108,mean_unmon_nrmse,worst_unmon_nrmse,fitness,292,00001001001000000010
DOF2-DOF7-DOF8-DOF19,0.1777113689199973,0.4979272924483988,5.627102002936887,F:\stt\传感器优化\ga_pc_vs_20dof_stage5_results\ga_candidate_cache.csv,ga_candidate_cache.csv,sensor_tuple:numeric-0idx,6,139,mean_unmon_nrmse,worst_unmon_nrmse,fitness,293,01000011000000000010
DOF1-DOF6-DOF7-DOF18,0.1777113689199973,0.4979272924483988,5.627102002936887,F:\stt\传感器优化\ga_pc_vs_20dof_stage5_results\ga_candidate_cache.csv,ga_candidate_cache.csv,sensor_tuple:numeric-1idx,6,139,mean_unmon_nrmse,worst_unmon_nrmse,fitness,294,10000110000000000100
DOF2-DOF3-DOF14-DOF20,0.178814213170627,0.5224812615726089,5.592396612456045,F:\stt\传感器优化\ga_pc_vs_20dof_stage5_results\ga_candidate_cache.csv,ga_candidate_cache.csv,sensor_tuple:numeric-0idx,6,147,mean_unmon_nrmse,worst_unmon_nrmse,fitness,295,01100000000001000001
DOF1-DOF2-DOF13-DOF19,0.178814213170627,0.5224812615726089,5.592396612456045,F:\stt\传感器优化\ga_pc_vs_20dof_stage5_results\ga_candidate_cache.csv,ga_candidate_cache.csv,sensor_tuple:numeric-1idx,6,147,mean_unmon_nrmse,worst_unmon_nrmse,fitness,296,11000000000010000010
DOF2-DOF3-DOF8-DOF19,0.1795414326699786,0.5197679669635997,5.569745017199263,F:\stt\传感器优化\ga_pc_vs_20dof_stage5_results\ga_candidate_cache.csv,ga_candidate_cache.csv,sensor_tuple:numeric-1idx,6,146,mean_unmon_nrmse,worst_unmon_nrmse,fitness,297,01100001000000000010
DOF3-DOF4-DOF9-DOF20,0.1795414326699786,0.5197679669635997,5.569745017199263,F:\stt\传感器优化\ga_pc_vs_20dof_stage5_results\ga_candidate_cache.csv,ga_candidate_cache.csv,sensor_tuple:numeric-0idx,6,146,mean_unmon_nrmse,worst_unmon_nrmse,fitness,298,00110000100000000001
DOF2-DOF3-DOF14-DOF19,0.1797919243496259,0.5181643958496854,5.561985075869281,F:\stt\传感器优化\ga_pc_vs_20dof_stage5_results\ga_candidate_cache.csv,ga_candidate_cache.csv,sensor_tuple:numeric-0idx,6,145,mean_unmon_nrmse,worst_unmon_nrmse,fitness,299,01100000000001000010
DOF1-DOF2-DOF13-DOF18,0.1797919243496259,0.5181643958496854,5.561985075869281,F:\stt\传感器优化\ga_pc_vs_20dof_stage5_results\ga_candidate_cache.csv,ga_candidate_cache.csv,sensor_tuple:numeric-1idx,6,145,mean_unmon_nrmse,worst_unmon_nrmse,fitness,300,11000000000010000100
DOF1-DOF2-DOF7-DOF18,0.1802919032922825,0.5048589378103492,5.546560781341859,F:\stt\传感器优化\ga_pc_vs_20dof_stage5_results\ga_candidate_cache.csv,ga_candidate_cache.csv,sensor_tuple:numeric-1idx,6,141,mean_unmon_nrmse,worst_unmon_nrmse,fitness,301,11000010000000000100
DOF4-DOF14-DOF19-DOF20,0.1812876068870758,0.5253196982041637,5.51609686489703,F:\stt\传感器优化\ga_pc_vs_20dof_stage5_results\ga_candidate_cache.csv,ga_candidate_cache.csv,sensor_tuple:numeric-0idx,6,148,mean_unmon_nrmse,worst_unmon_nrmse,fitness,302,00010000000001000011
DOF3-DOF13-DOF18-DOF19,0.1812876068870758,0.5253196982041637,5.51609686489703,F:\stt\传感器优化\ga_pc_vs_20dof_stage5_results\ga_candidate_cache.csv,ga_candidate_cache.csv,sensor_tuple:numeric-1idx,6,148,mean_unmon_nrmse,worst_unmon_nrmse,fitness,303,00100000000010000110
DOF1-DOF4-DOF10-DOF15,0.1822393101696739,0.4539428868265756,5.487290305606747,F:\stt\传感器优化\ga_pc_vs_20dof_stage5_results\ga_candidate_cache.csv,ga_candidate_cache.csv,sensor_tuple:numeric-0idx,6,130,mean_unmon_nrmse,worst_unmon_nrmse,fitness,304,10010000010000100000
DOF2-DOF6-DOF8-DOF19,0.1822909748081983,0.5051020928888973,5.485735105902459,F:\stt\传感器优化\ga_pc_vs_20dof_stage5_results\ga_candidate_cache.csv,ga_candidate_cache.csv,sensor_tuple:numeric-1idx,6,143,mean_unmon_nrmse,worst_unmon_nrmse,fitness,305,01000101000000000010
DOF3-DOF7-DOF9-DOF20,0.1822909748081983,0.5051020928888973,5.485735105902459,F:\stt\传感器优化\ga_pc_vs_20dof_stage5_results\ga_candidate_cache.csv,ga_candidate_cache.csv,sensor_tuple:numeric-0idx,6,143,mean_unmon_nrmse,worst_unmon_nrmse,fitness,306,00100010100000000001
DOF3-DOF7-DOF18-DOF20,0.1828488850276232,0.4700321996787637,5.468996979902064,F:\stt\传感器优化\ga_pc_vs_20dof_stage5_results\ga_candidate_cache.csv,ga_candidate_cache.csv,sensor_tuple:numeric-0idx,6,135,mean_unmon_nrmse,worst_unmon_nrmse,fitness,307,00100010000000000101
DOF2-DOF6-DOF17-DOF19,0.1828488850276232,0.4700321996787637,5.468996979902064,F:\stt\传感器优化\ga_pc_vs_20dof_stage5_results\ga_candidate_cache.csv,ga_candidate_cache.csv,sensor_tuple:numeric-1idx,6,135,mean_unmon_nrmse,worst_unmon_nrmse,fitness,308,01000100000000001010
DOF6-DOF8-DOF11-DOF17,0.185438394597672,0.4182247700518028,5.392626495522742,F:\stt\传感器优化\ga_pc_vs_20dof_stage5_results\ga_candidate_cache.csv,ga_candidate_cache.csv,sensor_tuple:numeric-0idx,6,118,mean_unmon_nrmse,worst_unmon_nrmse,fitness,309,00000101001000001000
DOF5-DOF7-DOF10-DOF16,0.185438394597672,0.4182247700518028,5.392626495522742,F:\stt\传感器优化\ga_pc_vs_20dof_stage5_results\ga_candidate_cache.csv,ga_candidate_cache.csv,sensor_tuple:numeric-1idx,6,118,mean_unmon_nrmse,worst_unmon_nrmse,fitness,310,00001010010000010000
DOF3-DOF4-DOF6-DOF17,0.1859829204358242,0.4949101959806867,5.376837817425746,F:\stt\传感器优化\ga_pc_vs_20dof_stage5_results\ga_candidate_cache.csv,ga_candidate_cache.csv,sensor_tuple:numeric-1idx,6,142,mean_unmon_nrmse,worst_unmon_nrmse,fitness,311,00110100000000001000
DOF4-DOF5-DOF7-DOF18,0.1859829204358242,0.4949101959806867,5.376837817425746,F:\stt\传感器优化\ga_pc_vs_20dof_stage5_results\ga_candidate_cache.csv,ga_candidate_cache.csv,sensor_tuple:numeric-0idx,6,142,mean_unmon_nrmse,worst_unmon_nrmse,fitness,312,00011010000000000100
DOF1-DOF4-DOF8-DOF19,0.1865426408823887,0.494252434493045,5.360704637097524,F:\stt\传感器优化\ga_pc_vs_20dof_stage5_results\ga_candidate_cache.csv,ga_candidate_cache.csv,sensor_tuple:numeric-0idx,6,144,mean_unmon_nrmse,worst_unmon_nrmse,fitness,313,10010001000000000010
DOF3-DOF8-DOF19-DOF20,0.1881717614358286,0.524381650347117,5.314293666404943,F:\stt\传感器优化\ga_pc_vs_20dof_stage5_results\ga_candidate_cache.csv,ga_candidate_cache.csv,sensor_tuple:numeric-0idx,6,150,mean_unmon_nrmse,worst_unmon_nrmse,fitness,314,00100001000000000011
DOF2-DOF7-DOF18-DOF19,0.1881717614358286,0.524381650347117,5.314293666404943,F:\stt\传感器优化\ga_pc_vs_20dof_stage5_results\ga_candidate_cache.csv,ga_candidate_cache.csv,sensor_tuple:numeric-1idx,6,150,mean_unmon_nrmse,worst_unmon_nrmse,fitness,315,01000010000000000110
DOF2-DOF8-DOF19-DOF20,0.1883135570640589,0.531795711396362,5.310292129708528,F:\stt\传感器优化\ga_pc_vs_20dof_stage5_results\ga_candidate_cache.csv,ga_candidate_cache.csv,sensor_tuple:numeric-0idx,6,153,mean_unmon_nrmse,worst_unmon_nrmse,fitness,316,01000001000000000011
DOF1-DOF7-DOF18-DOF19,0.1883135570640589,0.531795711396362,5.310292129708528,F:\stt\传感器优化\ga_pc_vs_20dof_stage5_results\ga_candidate_cache.csv,ga_candidate_cache.csv,sensor_tuple:numeric-1idx,6,153,mean_unmon_nrmse,worst_unmon_nrmse,fitness,317,10000010000000000110
DOF3-DOF14-DOF15-DOF20,0.1912552708484428,0.5166290920722565,5.228614069346123,F:\stt\传感器优化\ga_pc_vs_20dof_stage5_results\ga_candidate_cache.csv,ga_candidate_cache.csv,sensor_tuple:numeric-0idx,6,152,mean_unmon_nrmse,worst_unmon_nrmse,fitness,318,00100000000001100001
DOF1-DOF3-DOF8-DOF20,0.1949231038529147,0.5336837835474373,5.130228178335653,F:\stt\传感器优化\ga_pc_vs_20dof_stage5_results\ga_candidate_cache.csv,ga_candidate_cache.csv,sensor_tuple:numeric-0idx,6,167,mean_unmon_nrmse,worst_unmon_nrmse,fitness,319,10100001000000000001
DOF4-DOF8-DOF19-DOF20,0.1966407630024989,0.529694014530572,5.08541558080817,F:\stt\传感器优化\ga_pc_vs_20dof_stage5_results\ga_candidate_cache.csv,ga_candidate_cache.csv,sensor_tuple:numeric-0idx,6,168,mean_unmon_nrmse,worst_unmon_nrmse,fitness,320,00010001000000000011
DOF3-DOF7-DOF18-DOF19,0.1966407630024989,0.529694014530572,5.08541558080817,F:\stt\传感器优化\ga_pc_vs_20dof_stage5_results\ga_candidate_cache.csv,ga_candidate_cache.csv,sensor_tuple:numeric-1idx,6,168,mean_unmon_nrmse,worst_unmon_nrmse,fitness,321,00100010000000000110
DOF1-DOF2-DOF6-DOF18,0.1990728519747512,0.5265792304386412,5.023286651470732,F:\stt\传感器优化\ga_pc_vs_20dof_stage5_results\ga_candidate_cache.csv,ga_candidate_cache.csv,sensor_tuple:numeric-1idx,6,173,mean_unmon_nrmse,worst_unmon_nrmse,fitness,322,11000100000000000100
DOF2-DOF3-DOF7-DOF19,0.1990728519747512,0.5265792304386412,5.023286651470732,F:\stt\传感器优化\ga_pc_vs_20dof_stage5_results\ga_candidate_cache.csv,ga_candidate_cache.csv,sensor_tuple:numeric-0idx,6,173,mean_unmon_nrmse,worst_unmon_nrmse,fitness,323,01100010000000000010
DOF2-DOF13-DOF18-DOF19,0.1994746037350145,0.5454083185272134,5.013169502637058,F:\stt\传感器优化\ga_pc_vs_20dof_stage5_results\ga_candidate_cache.csv,ga_candidate_cache.csv,sensor_tuple:numeric-1idx,6,181,mean_unmon_nrmse,worst_unmon_nrmse,fitness,324,01000000000010000110
DOF3-DOF14-DOF19-DOF20,0.1994746037350145,0.5454083185272134,5.013169502637058,F:\stt\传感器优化\ga_pc_vs_20dof_stage5_results\ga_candidate_cache.csv,ga_candidate_cache.csv,sensor_tuple:numeric-0idx,6,181,mean_unmon_nrmse,worst_unmon_nrmse,fitness,325,00100000000001000011
DOF4-DOF5-DOF8-DOF20,0.2001307600556631,0.5453747477372765,4.996733134461037,F:\stt\传感器优化\ga_pc_vs_20dof_stage5_results\ga_candidate_cache.csv,ga_candidate_cache.csv,sensor_tuple:numeric-0idx,6,183,mean_unmon_nrmse,worst_unmon_nrmse,fitness,326,00011001000000000001
DOF3-DOF4-DOF7-DOF19,0.2001307600556631,0.5453747477372765,4.996733134461037,F:\stt\传感器优化\ga_pc_vs_20dof_stage5_results\ga_candidate_cache.csv,ga_candidate_cache.csv,sensor_tuple:numeric-1idx,6,183,mean_unmon_nrmse,worst_unmon_nrmse,fitness,327,00110010000000000010
DOF3-DOF7-DOF8-DOF20,0.2012826835776719,0.5345445897732228,4.9681372596025986,F:\stt\传感器优化\ga_pc_vs_20dof_stage5_results\ga_candidate_cache.csv,ga_candidate_cache.csv,sensor_tuple:numeric-0idx,6,179,mean_unmon_nrmse,worst_unmon_nrmse,fitness,328,00100011000000000001
DOF2-DOF6-DOF7-DOF19,0.2012826835776719,0.5345445897732228,4.9681372596025986,F:\stt\传感器优化\ga_pc_vs_20dof_stage5_results\ga_candidate_cache.csv,ga_candidate_cache.csv,sensor_tuple:numeric-1idx,6,179,mean_unmon_nrmse,worst_unmon_nrmse,fitness,329,01000110000000000010
DOF3-DOF4-DOF8-DOF20,0.2034019148762769,0.5395677681471205,4.916374561190108,F:\stt\传感器优化\ga_pc_vs_20dof_stage5_results\ga_candidate_cache.csv,ga_candidate_cache.csv,sensor_tuple:numeric-0idx,6,184,mean_unmon_nrmse,worst_unmon_nrmse,fitness,330,00110001000000000001
DOF1-DOF3-DOF9-DOF14,0.2047533554998263,0.4954296438001345,4.883924844865189,F:\stt\传感器优化\ga_pc_vs_20dof_stage5_results\ga_candidate_cache.csv,ga_candidate_cache.csv,sensor_tuple:numeric-0idx,6,157,mean_unmon_nrmse,worst_unmon_nrmse,fitness,331,10100000100001000000
DOF2-DOF7-DOF11-DOF13,0.2049898504255244,0.4763845574102875,4.878290305199453,F:\stt\传感器优化\ga_pc_vs_20dof_stage5_results\ga_candidate_cache.csv,ga_candidate_cache.csv,sensor_tuple:numeric-1idx,6,151,mean_unmon_nrmse,worst_unmon_nrmse,fitness,332,01000010001010000000
DOF3-DOF8-DOF12-DOF14,0.2049898504255244,0.4763845574102875,4.878290305199453,F:\stt\传感器优化\ga_pc_vs_20dof_stage5_results\ga_candidate_cache.csv,ga_candidate_cache.csv,sensor_tuple:numeric-0idx,6,151,mean_unmon_nrmse,worst_unmon_nrmse,fitness,333,00100001000101000000
DOF2-DOF3-DOF9-DOF14,0.2053093222967877,0.4999781432555791,4.870699434434671,F:\stt\传感器优化\ga_pc_vs_20dof_stage5_results\ga_candidate_cache.csv,ga_candidate_cache.csv,sensor_tuple:numeric-0idx,6,163,mean_unmon_nrmse,worst_unmon_nrmse,fitness,334,01100000100001000000
DOF1-DOF2-DOF8-DOF13,0.2053093222967877,0.4999781432555791,4.870699434434671,F:\stt\传感器优化\ga_pc_vs_20dof_stage5_results\ga_candidate_cache.csv,ga_candidate_cache.csv,sensor_tuple:numeric-1idx,6,163,mean_unmon_nrmse,worst_unmon_nrmse,fitness,335,11000001000010000000
DOF3-DOF7-DOF10-DOF13,0.2058208794730439,0.4823828878726304,4.858593562302362,F:\stt\传感器优化\ga_pc_vs_20dof_stage5_results\ga_candidate_cache.csv,ga_candidate_cache.csv,sensor_tuple:numeric-1idx,6,154,mean_unmon_nrmse,worst_unmon_nrmse,fitness,336,00100010010010000000
DOF4-DOF8-DOF11-DOF14,0.2058208794730439,0.4823828878726304,4.858593562302362,F:\stt\传感器优化\ga_pc_vs_20dof_stage5_results\ga_candidate_cache.csv,ga_candidate_cache.csv,sensor_tuple:numeric-0idx,6,154,mean_unmon_nrmse,worst_unmon_nrmse,fitness,337,00010001001001000000
DOF3-DOF6-DOF8-DOF20,0.2060249315605752,0.5336701192458717,4.853781493436038,F:\stt\传感器优化\ga_pc_vs_20dof_stage5_results\ga_candidate_cache.csv,ga_candidate_cache.csv,sensor_tuple:numeric-0idx,6,186,mean_unmon_nrmse,worst_unmon_nrmse,fitness,338,00100101000000000001
DOF2-DOF5-DOF7-DOF19,0.2060249315605752,0.5336701192458717,4.853781493436038,F:\stt\传感器优化\ga_pc_vs_20dof_stage5_results\ga_candidate_cache.csv,ga_candidate_cache.csv,sensor_tuple:numeric-1idx,6,186,mean_unmon_nrmse,worst_unmon_nrmse,fitness,339,01001010000000000010
DOF2-DOF4-DOF7-DOF19,0.2066816621377048,0.5360790909098219,4.838358612235741,F:\stt\传感器优化\ga_pc_vs_20dof_stage5_results\ga_candidate_cache.csv,ga_candidate_cache.csv,sensor_tuple:numeric-1idx,6,187,mean_unmon_nrmse,worst_unmon_nrmse,fitness,340,01010010000000000010
DOF3-DOF5-DOF8-DOF20,0.2066816621377048,0.5360790909098219,4.838358612235741,F:\stt\传感器优化\ga_pc_vs_20dof_stage5_results\ga_candidate_cache.csv,ga_candidate_cache.csv,sensor_tuple:numeric-0idx,6,187,mean_unmon_nrmse,worst_unmon_nrmse,fitness,341,00101001000000000001
DOF2-DOF7-DOF12-DOF13,0.2067799149211469,0.4860905971684068,4.836059635562295,F:\stt\传感器优化\ga_pc_vs_20dof_stage5_results\ga_candidate_cache.csv,ga_candidate_cache.csv,sensor_tuple:numeric-1idx,6,156,mean_unmon_nrmse,worst_unmon_nrmse,fitness,342,01000010000110000000
DOF3-DOF8-DOF13-DOF14,0.2067799149211469,0.4860905971684068,4.836059635562295,F:\stt\传感器优化\ga_pc_vs_20dof_stage5_results\ga_candidate_cache.csv,ga_candidate_cache.csv,sensor_tuple:numeric-0idx,6,156,mean_unmon_nrmse,worst_unmon_nrmse,fitness,343,00100001000011000000
DOF3-DOF4-DOF8-DOF14,0.207062716600173,0.5053663302840563,4.829454652264207,F:\stt\传感器优化\ga_pc_vs_20dof_stage5_results\ga_candidate_cache.csv,ga_candidate_cache.csv,sensor_tuple:numeric-0idx,6,175,mean_unmon_nrmse,worst_unmon_nrmse,fitness,344,00110001000001000000
DOF2-DOF3-DOF7-DOF13,0.207062716600173,0.5053663302840563,4.829454652264207,F:\stt\传感器优化\ga_pc_vs_20dof_stage5_results\ga_candidate_cache.csv,ga_candidate_cache.csv,sensor_tuple:numeric-1idx,6,175,mean_unmon_nrmse,worst_unmon_nrmse,fitness,345,01100010000010000000
DOF2-DOF8-DOF9-DOF13,0.207244492060867,0.4901881634183117,4.825218706905263,F:\stt\传感器优化\ga_pc_vs_20dof_stage5_results\ga_candidate_cache.csv,ga_candidate_cache.csv,sensor_tuple:numeric-1idx,6,160,mean_unmon_nrmse,worst_unmon_nrmse,fitness,346,01000001100010000000
DOF3-DOF9-DOF10-DOF14,0.207244492060867,0.4901881634183117,4.825218706905263,F:\stt\传感器优化\ga_pc_vs_20dof_stage5_results\ga_candidate_cache.csv,ga_candidate_cache.csv,sensor_tuple:numeric-0idx,6,160,mean_unmon_nrmse,worst_unmon_nrmse,fitness,347,00100000110001000000
DOF1-DOF6-DOF12-DOF13,0.2078100301524676,0.4996922410081327,4.812087266728659,F:\stt\传感器优化\ga_pc_vs_20dof_stage5_results\ga_candidate_cache.csv,ga_candidate_cache.csv,sensor_tuple:numeric-1idx,6,172,mean_unmon_nrmse,worst_unmon_nrmse,fitness,348,10000100000110000000
DOF2-DOF7-DOF13-DOF14,0.2078100301524676,0.4996922410081327,4.812087266728659,F:\stt\传感器优化\ga_pc_vs_20dof_stage5_results\ga_candidate_cache.csv,ga_candidate_cache.csv,sensor_tuple:numeric-0idx,6,172,mean_unmon_nrmse,worst_unmon_nrmse,fitness,349,01000010000011000000
DOF4-DOF7-DOF18-DOF19,0.2081329540187379,0.5425611979769659,4.804621184135823,F:\stt\传感器优化\ga_pc_vs_20dof_stage5_results\ga_candidate_cache.csv,ga_candidate_cache.csv,sensor_tuple:numeric-1idx,6,192,mean_unmon_nrmse,worst_unmon_nrmse,fitness,350,00010010000000000110
DOF5-DOF8-DOF19-DOF20,0.2081329540187379,0.5425611979769659,4.804621184135823,F:\stt\传感器优化\ga_pc_vs_20dof_stage5_results\ga_candidate_cache.csv,ga_candidate_cache.csv,sensor_tuple:numeric-0idx,6,192,mean_unmon_nrmse,worst_unmon_nrmse,fitness,351,00001001000000000011
DOF2-DOF8-DOF10-DOF13,0.2083436825616976,0.4851141998884584,4.799761565599986,F:\stt\传感器优化\ga_pc_vs_20dof_stage5_results\ga_candidate_cache.csv,ga_candidate_cache.csv,sensor_tuple:numeric-1idx,6,158,mean_unmon_nrmse,worst_unmon_nrmse,fitness,352,01000001010010000000
DOF3-DOF9-DOF11-DOF14,0.2083436825616976,0.4851141998884584,4.799761565599986,F:\stt\传感器优化\ga_pc_vs_20dof_stage5_results\ga_candidate_cache.csv,ga_candidate_cache.csv,sensor_tuple:numeric-0idx,6,158,mean_unmon_nrmse,worst_unmon_nrmse,fitness,353,00100000101001000000
DOF3-DOF8-DOF9-DOF13,0.2085206716436005,0.493070575684881,4.795687603118721,F:\stt\传感器优化\ga_pc_vs_20dof_stage5_results\ga_candidate_cache.csv,ga_candidate_cache.csv,sensor_tuple:numeric-1idx,6,166,mean_unmon_nrmse,worst_unmon_nrmse,fitness,354,00100001100010000000
DOF4-DOF9-DOF10-DOF14,0.2085206716436005,0.493070575684881,4.795687603118721,F:\stt\传感器优化\ga_pc_vs_20dof_stage5_results\ga_candidate_cache.csv,ga_candidate_cache.csv,sensor_tuple:numeric-0idx,6,166,mean_unmon_nrmse,worst_unmon_nrmse,fitness,355,00010000110001000000
DOF2-DOF3-DOF8-DOF14,0.2089505099046686,0.5053225328135302,4.785822252606387,F:\stt\传感器优化\ga_pc_vs_20dof_stage5_results\ga_candidate_cache.csv,ga_candidate_cache.csv,sensor_tuple:numeric-0idx,6,177,mean_unmon_nrmse,worst_unmon_nrmse,fitness,356,01100001000001000000
DOF1-DOF2-DOF7-DOF13,0.2089505099046686,0.5053225328135302,4.785822252606387,F:\stt\传感器优化\ga_pc_vs_20dof_stage5_results\ga_candidate_cache.csv,ga_candidate_cache.csv,sensor_tuple:numeric-1idx,6,177,mean_unmon_nrmse,worst_unmon_nrmse,fitness,357,11000010000010000000
DOF1-DOF7-DOF12-DOF13,0.2091409286697917,0.4942414695723984,4.781464854132392,F:\stt\传感器优化\ga_pc_vs_20dof_stage5_results\ga_candidate_cache.csv,ga_candidate_cache.csv,sensor_tuple:numeric-1idx,6,169,mean_unmon_nrmse,worst_unmon_nrmse,fitness,358,10000010000110000000
DOF2-DOF8-DOF13-DOF14,0.2091409286697917,0.4942414695723984,4.781464854132392,F:\stt\传感器优化\ga_pc_vs_20dof_stage5_results\ga_candidate_cache.csv,ga_candidate_cache.csv,sensor_tuple:numeric-0idx,6,169,mean_unmon_nrmse,worst_unmon_nrmse,fitness,359,01000001000011000000
DOF2-DOF6-DOF8-DOF13,0.2096460662133673,0.4859831661797062,4.7699440206880865,F:\stt\传感器优化\ga_pc_vs_20dof_stage5_results\ga_candidate_cache.csv,ga_candidate_cache.csv,sensor_tuple:numeric-1idx,6,161,mean_unmon_nrmse,worst_unmon_nrmse,fitness,360,01000101000010000000
DOF3-DOF7-DOF9-DOF14,0.2096460662133673,0.4859831661797062,4.7699440206880865,F:\stt\传感器优化\ga_pc_vs_20dof_stage5_results\ga_candidate_cache.csv,ga_candidate_cache.csv,sensor_tuple:numeric-0idx,6,161,mean_unmon_nrmse,worst_unmon_nrmse,fitness,361,00100010100001000000
DOF4-DOF9-DOF11-DOF14,0.2099883832228815,0.4877197526130509,4.762168195436977,F:\stt\传感器优化\ga_pc_vs_20dof_stage5_results\ga_candidate_cache.csv,ga_candidate_cache.csv,sensor_tuple:numeric-0idx,6,164,mean_unmon_nrmse,worst_unmon_nrmse,fitness,362,00010000101001000000
DOF3-DOF8-DOF10-DOF13,0.2099883832228815,0.4877197526130509,4.762168195436977,F:\stt\传感器优化\ga_pc_vs_20dof_stage5_results\ga_candidate_cache.csv,ga_candidate_cache.csv,sensor_tuple:numeric-1idx,6,164,mean_unmon_nrmse,worst_unmon_nrmse,fitness,363,00100001010010000000
DOF2-DOF7-DOF8-DOF13,0.2102923436421887,0.4906016285003103,4.755284869984327,F:\stt\传感器优化\ga_pc_vs_20dof_stage5_results\ga_candidate_cache.csv,ga_candidate_cache.csv,sensor_tuple:numeric-1idx,6,171,mean_unmon_nrmse,worst_unmon_nrmse,fitness,364,01000011000010000000
DOF3-DOF8-DOF9-DOF14,0.2102923436421887,0.4906016285003103,4.755284869984327,F:\stt\传感器优化\ga_pc_vs_20dof_stage5_results\ga_candidate_cache.csv,ga_candidate_cache.csv,sensor_tuple:numeric-0idx,6,171,mean_unmon_nrmse,worst_unmon_nrmse,fitness,365,00100001100001000000
DOF2-DOF7-DOF9-DOF13,0.2104548368826526,0.4798890341162351,4.751613290564749,F:\stt\传感器优化\ga_pc_vs_20dof_stage5_results\ga_candidate_cache.csv,ga_candidate_cache.csv,sensor_tuple:numeric-1idx,6,159,mean_unmon_nrmse,worst_unmon_nrmse,fitness,366,01000010100010000000
DOF3-DOF8-DOF10-DOF14,0.2104548368826526,0.4798890341162351,4.751613290564749,F:\stt\传感器优化\ga_pc_vs_20dof_stage5_results\ga_candidate_cache.csv,ga_candidate_cache.csv,sensor_tuple:numeric-0idx,6,159,mean_unmon_nrmse,worst_unmon_nrmse,fitness,367,00100001010001000000
DOF1-DOF7-DOF9-DOF13,0.2107114179975764,0.486595365245841,4.745827300192893,F:\stt\传感器优化\ga_pc_vs_20dof_stage5_results\ga_candidate_cache.csv,ga_candidate_cache.csv,sensor_tuple:numeric-1idx,6,165,mean_unmon_nrmse,worst_unmon_nrmse,fitness,368,10000010100010000000
DOF2-DOF8-DOF10-DOF14,0.2107114179975764,0.486595365245841,4.745827300192893,F:\stt\传感器优化\ga_pc_vs_20dof_stage5_results\ga_candidate_cache.csv,ga_candidate_cache.csv,sensor_tuple:numeric-0idx,6,165,mean_unmon_nrmse,worst_unmon_nrmse,fitness,369,01000001010001000000
DOF3-DOF7-DOF12-DOF13,0.2116746773840911,0.4914869854553405,4.724230655992643,F:\stt\传感器优化\ga_pc_vs_20dof_stage5_results\ga_candidate_cache.csv,ga_candidate_cache.csv,sensor_tuple:numeric-1idx,6,174,mean_unmon_nrmse,worst_unmon_nrmse,fitness,370,00100010000110000000
DOF4-DOF8-DOF13-DOF14,0.2116746773840911,0.4914869854553405,4.724230655992643,F:\stt\传感器优化\ga_pc_vs_20dof_stage5_results\ga_candidate_cache.csv,ga_candidate_cache.csv,sensor_tuple:numeric-0idx,6,174,mean_unmon_nrmse,worst_unmon_nrmse,fitness,371,00010001000011000000
DOF3-DOF7-DOF8-DOF13,0.2118564004034827,0.4975219832435128,4.720178375969617,F:\stt\传感器优化\ga_pc_vs_20dof_stage5_results\ga_candidate_cache.csv,ga_candidate_cache.csv,sensor_tuple:numeric-1idx,6,178,mean_unmon_nrmse,worst_unmon_nrmse,fitness,372,00100011000010000000
DOF4-DOF8-DOF9-DOF14,0.2118564004034827,0.4975219832435128,4.720178375969617,F:\stt\传感器优化\ga_pc_vs_20dof_stage5_results\ga_candidate_cache.csv,ga_candidate_cache.csv,sensor_tuple:numeric-0idx,6,178,mean_unmon_nrmse,worst_unmon_nrmse,fitness,373,00010001100001000000
DOF1-DOF2-DOF6-DOF13,0.2127746429839173,0.5269158797389302,4.699808144295116,F:\stt\传感器优化\ga_pc_vs_20dof_stage5_results\ga_candidate_cache.csv,ga_candidate_cache.csv,sensor_tuple:numeric-1idx,6,190,mean_unmon_nrmse,worst_unmon_nrmse,fitness,374,11000100000010000000
DOF2-DOF3-DOF6-DOF13,0.2129899227629055,0.530227221027354,4.6950578084789365,F:\stt\传感器优化\ga_pc_vs_20dof_stage5_results\ga_candidate_cache.csv,ga_candidate_cache.csv,sensor_tuple:numeric-1idx,6,194,mean_unmon_nrmse,worst_unmon_nrmse,fitness,375,01100100000010000000
DOF3-DOF4-DOF7-DOF14,0.2129899227629055,0.530227221027354,4.6950578084789365,F:\stt\传感器优化\ga_pc_vs_20dof_stage5_results\ga_candidate_cache.csv,ga_candidate_cache.csv,sensor_tuple:numeric-0idx,6,194,mean_unmon_nrmse,worst_unmon_nrmse,fitness,376,00110010000001000000
DOF4-DOF7-DOF19-DOF20,0.2130748994772411,0.5526223964120232,4.693185365562585,F:\stt\传感器优化\ga_pc_vs_20dof_stage5_results\ga_candidate_cache.csv,ga_candidate_cache.csv,sensor_tuple:numeric-0idx,6,196,mean_unmon_nrmse,worst_unmon_nrmse,fitness,377,00010010000000000011
DOF3-DOF6-DOF18-DOF19,0.2130748994772411,0.5526223964120232,4.693185365562585,F:\stt\传感器优化\ga_pc_vs_20dof_stage5_results\ga_candidate_cache.csv,ga_candidate_cache.csv,sensor_tuple:numeric-1idx,6,196,mean_unmon_nrmse,worst_unmon_nrmse,fitness,378,00100100000000000110
DOF2-DOF3-DOF9-DOF13,0.2157334528604657,0.5003633358591663,4.635349718535099,F:\stt\传感器优化\ga_pc_vs_20dof_stage5_results\ga_candidate_cache.csv,ga_candidate_cache.csv,sensor_tuple:numeric-1idx,6,182,mean_unmon_nrmse,worst_unmon_nrmse,fitness,379,01100000100010000000
DOF3-DOF4-DOF10-DOF14,0.2157334528604657,0.5003633358591663,4.635349718535099,F:\stt\传感器优化\ga_pc_vs_20dof_stage5_results\ga_candidate_cache.csv,ga_candidate_cache.csv,sensor_tuple:numeric-0idx,6,182,mean_unmon_nrmse,worst_unmon_nrmse,fitness,380,00110000010001000000
DOF2-DOF14-DOF18-DOF19,0.2165083752903046,0.5692517425682296,4.618758967889969,F:\stt\传感器优化\ga_pc_vs_20dof_stage5_results\ga_candidate_cache.csv,ga_candidate_cache.csv,sensor_tuple:numeric-1idx,6,198,mean_unmon_nrmse,worst_unmon_nrmse,fitness,381,01000000000001000110
DOF3-DOF15-DOF19-DOF20,0.2165083752903046,0.5692517425682296,4.618758967889969,F:\stt\传感器优化\ga_pc_vs_20dof_stage5_results\ga_candidate_cache.csv,ga_candidate_cache.csv,sensor_tuple:numeric-0idx,6,198,mean_unmon_nrmse,worst_unmon_nrmse,fitness,382,00100000000000100011
DOF3-DOF7-DOF8-DOF14,0.2167750424010552,0.5019279312650564,4.613077174010135,F:\stt\传感器优化\ga_pc_vs_20dof_stage5_results\ga_candidate_cache.csv,ga_candidate_cache.csv,sensor_tuple:numeric-0idx,6,185,mean_unmon_nrmse,worst_unmon_nrmse,fitness,383,00100011000001000000
DOF2-DOF6-DOF7-DOF13,0.2167750424010552,0.5019279312650564,4.613077174010135,F:\stt\传感器优化\ga_pc_vs_20dof_stage5_results\ga_candidate_cache.csv,ga_candidate_cache.csv,sensor_tuple:numeric-1idx,6,185,mean_unmon_nrmse,worst_unmon_nrmse,fitness,384,01000110000010000000
DOF3-DOF4-DOF11-DOF14,0.2168331532603045,0.5169285238684579,4.611840878386826,F:\stt\传感器优化\ga_pc_vs_20dof_stage5_results\ga_candidate_cache.csv,ga_candidate_cache.csv,sensor_tuple:numeric-0idx,6,191,mean_unmon_nrmse,worst_unmon_nrmse,fitness,385,00110000001001000000
DOF2-DOF3-DOF10-DOF13,0.2168331532603045,0.5169285238684579,4.611840878386826,F:\stt\传感器优化\ga_pc_vs_20dof_stage5_results\ga_candidate_cache.csv,ga_candidate_cache.csv,sensor_tuple:numeric-1idx,6,191,mean_unmon_nrmse,worst_unmon_nrmse,fitness,386,01100000010010000000
DOF3-DOF5-DOF10-DOF14,0.2177276426485542,0.4884499135056174,4.592894075510478,F:\stt\传感器优化\ga_pc_vs_20dof_stage5_results\ga_candidate_cache.csv,ga_candidate_cache.csv,sensor_tuple:numeric-0idx,6,180,mean_unmon_nrmse,worst_unmon_nrmse,fitness,387,00101000010001000000
DOF2-DOF4-DOF9-DOF13,0.2177276426485542,0.4884499135056174,4.592894075510478,F:\stt\传感器优化\ga_pc_vs_20dof_stage5_results\ga_candidate_cache.csv,ga_candidate_cache.csv,sensor_tuple:numeric-1idx,6,180,mean_unmon_nrmse,worst_unmon_nrmse,fitness,388,01010000100010000000
DOF2-DOF4-DOF7-DOF13,0.2188028298416614,0.5022550717672858,4.570324802101912,F:\stt\传感器优化\ga_pc_vs_20dof_stage5_results\ga_candidate_cache.csv,ga_candidate_cache.csv,sensor_tuple:numeric-1idx,6,188,mean_unmon_nrmse,worst_unmon_nrmse,fitness,389,01010010000010000000
DOF3-DOF5-DOF8-DOF14,0.2188028298416614,0.5022550717672858,4.570324802101912,F:\stt\传感器优化\ga_pc_vs_20dof_stage5_results\ga_candidate_cache.csv,ga_candidate_cache.csv,sensor_tuple:numeric-0idx,6,188,mean_unmon_nrmse,worst_unmon_nrmse,fitness,390,00101001000001000000
DOF3-DOF4-DOF14-DOF15,0.2195918810580706,0.5989945928857375,4.553902426524586,F:\stt\传感器优化\ga_pc_vs_20dof_stage5_results\ga_candidate_cache.csv,ga_candidate_cache.csv,sensor_tuple:numeric-0idx,6,202,mean_unmon_nrmse,worst_unmon_nrmse,fitness,391,00110000000001100000
DOF2-DOF3-DOF13-DOF14,0.2195918810580706,0.5989945928857375,4.553902426524586,F:\stt\传感器优化\ga_pc_vs_20dof_stage5_results\ga_candidate_cache.csv,ga_candidate_cache.csv,sensor_tuple:numeric-1idx,6,202,mean_unmon_nrmse,worst_unmon_nrmse,fitness,392,01100000000011000000
DOF7-DOF9-DOF14-DOF20,0.2201248307512858,0.4334406332404193,4.542876860290855,F:\stt\传感器优化\ga_pc_vs_20dof_stage5_results\ga_candidate_cache.csv,ga_candidate_cache.csv,sensor_tuple:numeric-0idx,6,149,mean_unmon_nrmse,worst_unmon_nrmse,fitness,393,00000010100001000001
DOF6-DOF8-DOF13-DOF19,0.2201248307512858,0.4334406332404193,4.542876860290855,F:\stt\传感器优化\ga_pc_vs_20dof_stage5_results\ga_candidate_cache.csv,ga_candidate_cache.csv,sensor_tuple:numeric-1idx,6,149,mean_unmon_nrmse,worst_unmon_nrmse,fitness,394,00000101000010000010
DOF7-DOF8-DOF14-DOF19,0.2202007341103511,0.4443289947272817,4.541310927212077,F:\stt\传感器优化\ga_pc_vs_20dof_stage5_results\ga_candidate_cache.csv,ga_candidate_cache.csv,sensor_tuple:numeric-0idx,6,155,mean_unmon_nrmse,worst_unmon_nrmse,fitness,395,00000011000001000010
DOF6-DOF7-DOF13-DOF18,0.2202007341103511,0.4443289947272817,4.541310927212077,F:\stt\传感器优化\ga_pc_vs_20dof_stage5_results\ga_candidate_cache.csv,ga_candidate_cache.csv,sensor_tuple:numeric-1idx,6,155,mean_unmon_nrmse,worst_unmon_nrmse,fitness,396,00000110000010000100
DOF6-DOF7-DOF12-DOF18,0.2203805128414799,0.4561640817163317,4.537606284248754,F:\stt\传感器优化\ga_pc_vs_20dof_stage5_results\ga_candidate_cache.csv,ga_candidate_cache.csv,sensor_tuple:numeric-1idx,6,162,mean_unmon_nrmse,worst_unmon_nrmse,fitness,397,00000110000100000100
DOF7-DOF8-DOF13-DOF19,0.2203805128414799,0.4561640817163317,4.537606284248754,F:\stt\传感器优化\ga_pc_vs_20dof_stage5_results\ga_candidate_cache.csv,ga_candidate_cache.csv,sensor_tuple:numeric-0idx,6,162,mean_unmon_nrmse,worst_unmon_nrmse,fitness,398,00000011000010000010
DOF2-DOF3-DOF11-DOF13,0.2217648743517012,0.5492680722137708,4.509280394015742,F:\stt\传感器优化\ga_pc_vs_20dof_stage5_results\ga_candidate_cache.csv,ga_candidate_cache.csv,sensor_tuple:numeric-1idx,6,197,mean_unmon_nrmse,worst_unmon_nrmse,fitness,399,01100000001010000000
DOF3-DOF4-DOF12-DOF14,0.2217648743517012,0.5492680722137708,4.509280394015742,F:\stt\传感器优化\ga_pc_vs_20dof_stage5_results\ga_candidate_cache.csv,ga_candidate_cache.csv,sensor_tuple:numeric-0idx,6,197,mean_unmon_nrmse,worst_unmon_nrmse,fitness,400,00110000000101000000
DOF2-DOF3-DOF7-DOF20,0.2247828008401443,0.5585116746543829,4.448738943806949,F:\stt\传感器优化\ga_pc_vs_20dof_stage5_results\ga_candidate_cache.csv,ga_candidate_cache.csv,sensor_tuple:numeric-0idx,6,200,mean_unmon_nrmse,worst_unmon_nrmse,fitness,401,01100010000000000001
DOF1-DOF2-DOF6-DOF19,0.2247828008401443,0.5585116746543829,4.448738943806949,F:\stt\传感器优化\ga_pc_vs_20dof_stage5_results\ga_candidate_cache.csv,ga_candidate_cache.csv,sensor_tuple:numeric-1idx,6,200,mean_unmon_nrmse,worst_unmon_nrmse,fitness,402,11000100000000000010
DOF7-DOF10-DOF13-DOF19,0.2259745565204865,0.4462539940680033,4.425276966546082,F:\stt\传感器优化\ga_pc_vs_20dof_stage5_results\ga_candidate_cache.csv,ga_candidate_cache.csv,sensor_tuple:numeric-0idx,6,170,mean_unmon_nrmse,worst_unmon_nrmse,fitness,403,00000010010010000010
DOF6-DOF9-DOF12-DOF18,0.2259745565204865,0.4462539940680033,4.425276966546082,F:\stt\传感器优化\ga_pc_vs_20dof_stage5_results\ga_candidate_cache.csv,ga_candidate_cache.csv,sensor_tuple:numeric-1idx,6,170,mean_unmon_nrmse,worst_unmon_nrmse,fitness,404,00000100100100000100
DOF7-DOF11-DOF13-DOF18,0.228814375238888,0.4486108532615369,4.370354786283005,F:\stt\传感器优化\ga_pc_vs_20dof_stage5_results\ga_candidate_cache.csv,ga_candidate_cache.csv,sensor_tuple:numeric-0idx,6,176,mean_unmon_nrmse,worst_unmon_nrmse,fitness,405,00000010001010000100
DOF6-DOF10-DOF12-DOF17,0.228814375238888,0.4486108532615369,4.370354786283005,F:\stt\传感器优化\ga_pc_vs_20dof_stage5_results\ga_candidate_cache.csv,ga_candidate_cache.csv,sensor_tuple:numeric-1idx,6,176,mean_unmon_nrmse,worst_unmon_nrmse,fitness,406,00000100010100001000
DOF1-DOF3-DOF4-DOF15,0.2288259851727676,0.6299332830961972,4.370133047785689,F:\stt\传感器优化\ga_pc_vs_20dof_stage5_results\ga_candidate_cache.csv,ga_candidate_cache.csv,sensor_tuple:numeric-0idx,6,211,mean_unmon_nrmse,worst_unmon_nrmse,fitness,407,10110000000000100000
DOF5-DOF11-DOF12-DOF14,0.2309696173186158,0.5426443826451038,4.329573783794255,F:\stt\传感器优化\ga_pc_vs_20dof_stage5_results\ga_candidate_cache.csv,ga_candidate_cache.csv,sensor_tuple:numeric-1idx,6,201,mean_unmon_nrmse,worst_unmon_nrmse,fitness,408,00001000001101000000
DOF6-DOF12-DOF13-DOF15,0.2309696173186158,0.5426443826451038,4.329573783794255,F:\stt\传感器优化\ga_pc_vs_20dof_stage5_results\ga_candidate_cache.csv,ga_candidate_cache.csv,sensor_tuple:numeric-0idx,6,201,mean_unmon_nrmse,worst_unmon_nrmse,fitness,409,00000100000110100000
DOF6-DOF11-DOF12-DOF18,0.2336096848959009,0.4659364876873149,4.280644445204961,F:\stt\传感器优化\ga_pc_vs_20dof_stage5_results\ga_candidate_cache.csv,ga_candidate_cache.csv,sensor_tuple:numeric-1idx,6,189,mean_unmon_nrmse,worst_unmon_nrmse,fitness,410,00000100001100000100
DOF7-DOF12-DOF13-DOF19,0.2336096848959009,0.4659364876873149,4.280644445204961,F:\stt\传感器优化\ga_pc_vs_20dof_stage5_results\ga_candidate_cache.csv,ga_candidate_cache.csv,sensor_tuple:numeric-0idx,6,189,mean_unmon_nrmse,worst_unmon_nrmse,fitness,411,00000010000110000010
DOF7-DOF10-DOF12-DOF17,0.2343083412746448,0.4763458783556026,4.267880496937072,F:\stt\传感器优化\ga_pc_vs_20dof_stage5_results\ga_candidate_cache.csv,ga_candidate_cache.csv,sensor_tuple:numeric-0idx,6,195,mean_unmon_nrmse,worst_unmon_nrmse,fitness,412,00000010010100001000
DOF6-DOF9-DOF11-DOF16,0.2343083412746448,0.4763458783556026,4.267880496937072,F:\stt\传感器优化\ga_pc_vs_20dof_stage5_results\ga_candidate_cache.csv,ga_candidate_cache.csv,sensor_tuple:numeric-1idx,6,195,mean_unmon_nrmse,worst_unmon_nrmse,fitness,413,00000100101000010000
DOF7-DOF9-DOF12-DOF18,0.2344109619763395,0.4678985283017068,4.2660120992834365,F:\stt\传感器优化\ga_pc_vs_20dof_stage5_results\ga_candidate_cache.csv,ga_candidate_cache.csv,sensor_tuple:numeric-0idx,6,193,mean_unmon_nrmse,worst_unmon_nrmse,fitness,414,00000010100100000100
DOF3-DOF5-DOF6-DOF19,0.2361882381703688,0.5684498489737628,4.233911086099214,F:\stt\传感器优化\ga_pc_vs_20dof_stage5_results\ga_candidate_cache.csv,ga_candidate_cache.csv,sensor_tuple:numeric-1idx,6,207,mean_unmon_nrmse,worst_unmon_nrmse,fitness,415,00101100000000000010
DOF4-DOF6-DOF7-DOF20,0.2361882381703688,0.5684498489737628,4.233911086099214,F:\stt\传感器优化\ga_pc_vs_20dof_stage5_results\ga_candidate_cache.csv,ga_candidate_cache.csv,sensor_tuple:numeric-0idx,6,207,mean_unmon_nrmse,worst_unmon_nrmse,fitness,416,00010110000000000001
DOF1-DOF5-DOF9-DOF13,0.2393936215231349,0.5169011323348686,4.1772207364312886,F:\stt\传感器优化\ga_pc_vs_20dof_stage5_results\ga_candidate_cache.csv,ga_candidate_cache.csv,sensor_tuple:numeric-0idx,6,199,mean_unmon_nrmse,worst_unmon_nrmse,fitness,417,10001000100010000000
DOF1-DOF2-DOF12-DOF13,0.2404261338983004,0.6113686508398861,4.1592816212685015,F:\stt\传感器优化\ga_pc_vs_20dof_stage5_results\ga_candidate_cache.csv,ga_candidate_cache.csv,sensor_tuple:numeric-1idx,6,213,mean_unmon_nrmse,worst_unmon_nrmse,fitness,418,11000000000110000000
DOF7-DOF8-DOF10-DOF18,0.2424465417528016,0.536102793411759,4.124620597869674,F:\stt\传感器优化\ga_pc_vs_20dof_stage5_results\ga_candidate_cache.csv,ga_candidate_cache.csv,sensor_tuple:numeric-0idx,6,204,mean_unmon_nrmse,worst_unmon_nrmse,fitness,419,00000011010000000100
DOF6-DOF7-DOF9-DOF17,0.2424465417528016,0.536102793411759,4.124620597869674,F:\stt\传感器优化\ga_pc_vs_20dof_stage5_results\ga_candidate_cache.csv,ga_candidate_cache.csv,sensor_tuple:numeric-1idx,6,204,mean_unmon_nrmse,worst_unmon_nrmse,fitness,420,00000110100000001000
DOF6-DOF7-DOF8-DOF16,0.2429176984184803,0.5416786781511242,4.116620594161726,F:\stt\传感器优化\ga_pc_vs_20dof_stage5_results\ga_candidate_cache.csv,ga_candidate_cache.csv,sensor_tuple:numeric-1idx,6,205,mean_unmon_nrmse,worst_unmon_nrmse,fitness,421,00000111000000010000
DOF7-DOF8-DOF9-DOF17,0.2429176984184803,0.5416786781511242,4.116620594161726,F:\stt\传感器优化\ga_pc_vs_20dof_stage5_results\ga_candidate_cache.csv,ga_candidate_cache.csv,sensor_tuple:numeric-0idx,6,205,mean_unmon_nrmse,worst_unmon_nrmse,fitness,422,00000011100000001000
DOF2-DOF3-DOF10-DOF12,0.2476652823329132,0.551090637485606,4.037707629330768,F:\stt\传感器优化\ga_pc_vs_20dof_stage5_results\ga_candidate_cache.csv,ga_candidate_cache.csv,sensor_tuple:numeric-1idx,6,208,mean_unmon_nrmse,worst_unmon_nrmse,fitness,423,01100000010100000000
DOF3-DOF4-DOF11-DOF13,0.2476652823329132,0.551090637485606,4.037707629330768,F:\stt\传感器优化\ga_pc_vs_20dof_stage5_results\ga_candidate_cache.csv,ga_candidate_cache.csv,sensor_tuple:numeric-0idx,6,208,mean_unmon_nrmse,worst_unmon_nrmse,fitness,424,00110000001010000000
DOF7-DOF11-DOF13-DOF16,0.2484982277988056,0.518289840143411,4.024173567972553,F:\stt\传感器优化\ga_pc_vs_20dof_stage5_results\ga_candidate_cache.csv,ga_candidate_cache.csv,sensor_tuple:numeric-0idx,6,203,mean_unmon_nrmse,worst_unmon_nrmse,fitness,425,00000010001010010000
DOF6-DOF10-DOF12-DOF15,0.2484982277988056,0.518289840143411,4.024173567972553,F:\stt\传感器优化\ga_pc_vs_20dof_stage5_results\ga_candidate_cache.csv,ga_candidate_cache.csv,sensor_tuple:numeric-1idx,6,203,mean_unmon_nrmse,worst_unmon_nrmse,fitness,426,00000100010100100000
DOF7-DOF9-DOF10-DOF19,0.2495349717581508,0.5661082860413696,4.007454317726624,F:\stt\传感器优化\ga_pc_vs_20dof_stage5_results\ga_candidate_cache.csv,ga_candidate_cache.csv,sensor_tuple:numeric-0idx,6,210,mean_unmon_nrmse,worst_unmon_nrmse,fitness,427,00000010110000000010
DOF6-DOF8-DOF9-DOF18,0.2495349717581508,0.5661082860413696,4.007454317726624,F:\stt\传感器优化\ga_pc_vs_20dof_stage5_results\ga_candidate_cache.csv,ga_candidate_cache.csv,sensor_tuple:numeric-1idx,6,210,mean_unmon_nrmse,worst_unmon_nrmse,fitness,428,00000101100000000100
DOF1-DOF2-DOF3-DOF13,0.2513288177579135,0.6479947604121409,3.978851326787553,F:\stt\传感器优化\ga_pc_vs_20dof_stage5_results\ga_candidate_cache.csv,ga_candidate_cache.csv,sensor_tuple:numeric-1idx,6,226,mean_unmon_nrmse,worst_unmon_nrmse,fitness,429,11100000000010000000
DOF2-DOF3-DOF4-DOF14,0.2513288177579135,0.6479947604121409,3.978851326787553,F:\stt\传感器优化\ga_pc_vs_20dof_stage5_results\ga_candidate_cache.csv,ga_candidate_cache.csv,sensor_tuple:numeric-0idx,6,226,mean_unmon_nrmse,worst_unmon_nrmse,fitness,430,01110000000001000000
DOF2-DOF3-DOF4-DOF18,0.2515215998178876,0.6135057108513106,3.9758016835137306,F:\stt\传感器优化\ga_pc_vs_20dof_stage5_results\ga_candidate_cache.csv,ga_candidate_cache.csv,sensor_tuple:numeric-1idx,6,221,mean_unmon_nrmse,worst_unmon_nrmse,fitness,431,01110000000000000100
DOF3-DOF4-DOF5-DOF19,0.2515215998178876,0.6135057108513106,3.9758016835137306,F:\stt\传感器优化\ga_pc_vs_20dof_stage5_results\ga_candidate_cache.csv,ga_candidate_cache.csv,sensor_tuple:numeric-0idx,6,221,mean_unmon_nrmse,worst_unmon_nrmse,fitness,432,00111000000000000010
DOF1-DOF6-DOF9-DOF12,0.2516764375106493,0.5170381734911033,3.9733556700305463,F:\stt\传感器优化\ga_pc_vs_20dof_stage5_results\ga_candidate_cache.csv,ga_candidate_cache.csv,sensor_tuple:numeric-1idx,6,206,mean_unmon_nrmse,worst_unmon_nrmse,fitness,433,10000100100100000000
DOF2-DOF7-DOF10-DOF13,0.2516764375106493,0.5170381734911033,3.9733556700305463,F:\stt\传感器优化\ga_pc_vs_20dof_stage5_results\ga_candidate_cache.csv,ga_candidate_cache.csv,sensor_tuple:numeric-0idx,6,206,mean_unmon_nrmse,worst_unmon_nrmse,fitness,434,01000010010010000000
DOF1-DOF3-DOF6-DOF12,0.25256301561589,0.5506068178529335,3.9594079028454776,F:\stt\传感器优化\ga_pc_vs_20dof_stage5_results\ga_candidate_cache.csv,ga_candidate_cache.csv,sensor_tuple:numeric-1idx,6,209,mean_unmon_nrmse,worst_unmon_nrmse,fitness,435,10100100000100000000
DOF7-DOF8-DOF10-DOF20,0.2534508510053468,0.592014555895154,3.945538142915758,F:\stt\传感器优化\ga_pc_vs_20dof_stage5_results\ga_candidate_cache.csv,ga_candidate_cache.csv,sensor_tuple:numeric-0idx,6,217,mean_unmon_nrmse,worst_unmon_nrmse,fitness,436,00000011010000000001
DOF6-DOF7-DOF9-DOF19,0.2534508510053468,0.592014555895154,3.945538142915758,F:\stt\传感器优化\ga_pc_vs_20dof_stage5_results\ga_candidate_cache.csv,ga_candidate_cache.csv,sensor_tuple:numeric-1idx,6,217,mean_unmon_nrmse,worst_unmon_nrmse,fitness,437,00000110100000000010
DOF4-DOF6-DOF7-DOF12,0.2567708696947733,0.559703804181853,3.8945227750516165,F:\stt\传感器优化\ga_pc_vs_20dof_stage5_results\ga_candidate_cache.csv,ga_candidate_cache.csv,sensor_tuple:numeric-1idx,6,212,mean_unmon_nrmse,worst_unmon_nrmse,fitness,438,00010110000100000000
DOF5-DOF7-DOF8-DOF13,0.2567708696947733,0.559703804181853,3.8945227750516165,F:\stt\传感器优化\ga_pc_vs_20dof_stage5_results\ga_candidate_cache.csv,ga_candidate_cache.csv,sensor_tuple:numeric-0idx,6,212,mean_unmon_nrmse,worst_unmon_nrmse,fitness,439,00001011000010000000
DOF7-DOF10-DOF19-DOF20,0.2604294204324807,0.5913520166162456,3.8398119472658494,F:\stt\传感器优化\ga_pc_vs_20dof_stage5_results\ga_candidate_cache.csv,ga_candidate_cache.csv,sensor_tuple:numeric-0idx,6,222,mean_unmon_nrmse,worst_unmon_nrmse,fitness,440,00000010010000000011
DOF6-DOF9-DOF18-DOF19,0.2604294204324807,0.5913520166162456,3.8398119472658494,F:\stt\传感器优化\ga_pc_vs_20dof_stage5_results\ga_candidate_cache.csv,ga_candidate_cache.csv,sensor_tuple:numeric-1idx,6,222,mean_unmon_nrmse,worst_unmon_nrmse,fitness,441,00000100100000000110
DOF7-DOF8-DOF10-DOF15,0.2607530515738686,0.5693750487261203,3.8350462016084044,F:\stt\传感器优化\ga_pc_vs_20dof_stage5_results\ga_candidate_cache.csv,ga_candidate_cache.csv,sensor_tuple:numeric-0idx,6,215,mean_unmon_nrmse,worst_unmon_nrmse,fitness,442,00000011010000100000
DOF6-DOF7-DOF9-DOF14,0.2607530515738686,0.5693750487261203,3.8350462016084044,F:\stt\传感器优化\ga_pc_vs_20dof_stage5_results\ga_candidate_cache.csv,ga_candidate_cache.csv,sensor_tuple:numeric-1idx,6,215,mean_unmon_nrmse,worst_unmon_nrmse,fitness,443,00000110100001000000
DOF1-DOF2-DOF17-DOF19,0.2637745525210007,0.5936573635319324,3.7911162788024932,F:\stt\传感器优化\ga_pc_vs_20dof_stage5_results\ga_candidate_cache.csv,ga_candidate_cache.csv,sensor_tuple:numeric-0idx,6,225,mean_unmon_nrmse,worst_unmon_nrmse,fitness,444,11000000000000001010
DOF6-DOF8-DOF18-DOF19,0.2675294635093346,0.6137478611543947,3.7379060492205203,F:\stt\传感器优化\ga_pc_vs_20dof_stage5_results\ga_candidate_cache.csv,ga_candidate_cache.csv,sensor_tuple:numeric-1idx,6,228,mean_unmon_nrmse,worst_unmon_nrmse,fitness,445,00000101000000000110
DOF7-DOF9-DOF19-DOF20,0.2675294635093346,0.6137478611543947,3.7379060492205203,F:\stt\传感器优化\ga_pc_vs_20dof_stage5_results\ga_candidate_cache.csv,ga_candidate_cache.csv,sensor_tuple:numeric-0idx,6,228,mean_unmon_nrmse,worst_unmon_nrmse,fitness,446,00000010100000000011
DOF1-DOF2-DOF3-DOF18,0.2788713290176597,0.6445774855295432,3.5858831509103917,F:\stt\传感器优化\ga_pc_vs_20dof_stage5_results\ga_candidate_cache.csv,ga_candidate_cache.csv,sensor_tuple:numeric-1idx,6,240,mean_unmon_nrmse,worst_unmon_nrmse,fitness,447,11100000000000000100
DOF2-DOF3-DOF4-DOF19,0.2788713290176597,0.6445774855295432,3.5858831509103917,F:\stt\传感器优化\ga_pc_vs_20dof_stage5_results\ga_candidate_cache.csv,ga_candidate_cache.csv,sensor_tuple:numeric-0idx,6,240,mean_unmon_nrmse,worst_unmon_nrmse,fitness,448,01110000000000000010
DOF2-DOF4-DOF18-DOF19,0.2790408327095658,0.6224453973842217,3.583704901845841,F:\stt\传感器优化\ga_pc_vs_20dof_stage5_results\ga_candidate_cache.csv,ga_candidate_cache.csv,sensor_tuple:numeric-1idx,6,234,mean_unmon_nrmse,worst_unmon_nrmse,fitness,449,01010000000000000110
DOF3-DOF5-DOF19-DOF20,0.2790408327095658,0.6224453973842217,3.583704901845841,F:\stt\传感器优化\ga_pc_vs_20dof_stage5_results\ga_candidate_cache.csv,ga_candidate_cache.csv,sensor_tuple:numeric-0idx,6,234,mean_unmon_nrmse,worst_unmon_nrmse,fitness,450,00101000000000000011
DOF8-DOF10-DOF14-DOF19,0.2802761041817212,0.5082934339055848,3.5679103037198887,F:\stt\传感器优化\ga_pc_vs_20dof_stage5_results\ga_candidate_cache.csv,ga_candidate_cache.csv,sensor_tuple:numeric-0idx,6,214,mean_unmon_nrmse,worst_unmon_nrmse,fitness,451,00000001010001000010
DOF7-DOF9-DOF13-DOF18,0.2802761041817212,0.5082934339055848,3.5679103037198887,F:\stt\传感器优化\ga_pc_vs_20dof_stage5_results\ga_candidate_cache.csv,ga_candidate_cache.csv,sensor_tuple:numeric-1idx,6,214,mean_unmon_nrmse,worst_unmon_nrmse,fitness,452,00000010100010000100
DOF8-DOF9-DOF14-DOF19,0.2806132453715683,0.5158291356554847,3.5636236581502305,F:\stt\传感器优化\ga_pc_vs_20dof_stage5_results\ga_candidate_cache.csv,ga_candidate_cache.csv,sensor_tuple:numeric-0idx,6,218,mean_unmon_nrmse,worst_unmon_nrmse,fitness,453,00000001100001000010
DOF7-DOF8-DOF13-DOF18,0.2806132453715683,0.5158291356554847,3.5636236581502305,F:\stt\传感器优化\ga_pc_vs_20dof_stage5_results\ga_candidate_cache.csv,ga_candidate_cache.csv,sensor_tuple:numeric-1idx,6,218,mean_unmon_nrmse,worst_unmon_nrmse,fitness,454,00000011000010000100
DOF8-DOF10-DOF14-DOF20,0.2807621744610637,0.5126401791482504,3.561733349287473,F:\stt\传感器优化\ga_pc_vs_20dof_stage5_results\ga_candidate_cache.csv,ga_candidate_cache.csv,sensor_tuple:numeric-0idx,6,216,mean_unmon_nrmse,worst_unmon_nrmse,fitness,455,00000001010001000001
DOF7-DOF9-DOF13-DOF19,0.2807621744610637,0.5126401791482504,3.561733349287473,F:\stt\传感器优化\ga_pc_vs_20dof_stage5_results\ga_candidate_cache.csv,ga_candidate_cache.csv,sensor_tuple:numeric-1idx,6,216,mean_unmon_nrmse,worst_unmon_nrmse,fitness,456,00000010100010000010
DOF8-DOF9-DOF14-DOF20,0.2809027774723087,0.520265432779982,3.559950560100887,F:\stt\传感器优化\ga_pc_vs_20dof_stage5_results\ga_candidate_cache.csv,ga_candidate_cache.csv,sensor_tuple:numeric-0idx,6,219,mean_unmon_nrmse,worst_unmon_nrmse,fitness,457,00000001100001000001
DOF6-DOF7-DOF18-DOF19,0.2818237667680061,0.6337067477518423,3.5483167777671487,F:\stt\传感器优化\ga_pc_vs_20dof_stage5_results\ga_candidate_cache.csv,ga_candidate_cache.csv,sensor_tuple:numeric-1idx,6,238,mean_unmon_nrmse,worst_unmon_nrmse,fitness,458,00000110000000000110
DOF7-DOF8-DOF19-DOF20,0.2818237667680061,0.6337067477518423,3.5483167777671487,F:\stt\传感器优化\ga_pc_vs_20dof_stage5_results\ga_candidate_cache.csv,ga_candidate_cache.csv,sensor_tuple:numeric-0idx,6,238,mean_unmon_nrmse,worst_unmon_nrmse,fitness,459,00000011000000000011
DOF8-DOF9-DOF13-DOF19,0.2826841682401272,0.5293926667918254,3.5375168203512852,F:\stt\传感器优化\ga_pc_vs_20dof_stage5_results\ga_candidate_cache.csv,ga_candidate_cache.csv,sensor_tuple:numeric-0idx,6,223,mean_unmon_nrmse,worst_unmon_nrmse,fitness,460,00000001100010000010
DOF7-DOF8-DOF12-DOF18,0.2826841682401272,0.5293926667918254,3.5375168203512852,F:\stt\传感器优化\ga_pc_vs_20dof_stage5_results\ga_candidate_cache.csv,ga_candidate_cache.csv,sensor_tuple:numeric-1idx,6,223,mean_unmon_nrmse,worst_unmon_nrmse,fitness,461,00000011000100000100
DOF8-DOF9-DOF14-DOF18,0.2848052992002002,0.517020028211343,3.5111706235969713,F:\stt\传感器优化\ga_pc_vs_20dof_stage5_results\ga_candidate_cache.csv,ga_candidate_cache.csv,sensor_tuple:numeric-0idx,6,220,mean_unmon_nrmse,worst_unmon_nrmse,fitness,462,00000001100001000100
DOF7-DOF8-DOF13-DOF17,0.2848052992002002,0.517020028211343,3.5111706235969713,F:\stt\传感器优化\ga_pc_vs_20dof_stage5_results\ga_candidate_cache.csv,ga_candidate_cache.csv,sensor_tuple:numeric-1idx,6,220,mean_unmon_nrmse,worst_unmon_nrmse,fitness,463,00000011000010001000
DOF7-DOF11-DOF13-DOF19,0.2865285596133268,0.5189116481949081,3.4900534918614055,F:\stt\传感器优化\ga_pc_vs_20dof_stage5_results\ga_candidate_cache.csv,ga_candidate_cache.csv,sensor_tuple:numeric-1idx,6,224,mean_unmon_nrmse,worst_unmon_nrmse,fitness,464,00000010001010000010
DOF8-DOF12-DOF14-DOF20,0.2865285596133268,0.5189116481949081,3.4900534918614055,F:\stt\传感器优化\ga_pc_vs_20dof_stage5_results\ga_candidate_cache.csv,ga_candidate_cache.csv,sensor_tuple:numeric-0idx,6,224,mean_unmon_nrmse,worst_unmon_nrmse,fitness,465,00000001000101000001
DOF7-DOF8-DOF13-DOF14,0.2882080205868904,0.6016067059445049,3.4697160681378243,F:\stt\传感器优化\ga_pc_vs_20dof_stage5_results\ga_candidate_cache.csv,ga_candidate_cache.csv,sensor_tuple:numeric-0idx,6,235,mean_unmon_nrmse,worst_unmon_nrmse,fitness,466,00000011000011000000
DOF6-DOF7-DOF12-DOF13,0.2882080205868904,0.6016067059445049,3.4697160681378243,F:\stt\传感器优化\ga_pc_vs_20dof_stage5_results\ga_candidate_cache.csv,ga_candidate_cache.csv,sensor_tuple:numeric-1idx,6,235,mean_unmon_nrmse,worst_unmon_nrmse,fitness,467,00000110000110000000
DOF8-DOF9-DOF12-DOF20,0.2921905536515015,0.5700895003864848,3.4224241252825967,F:\stt\传感器优化\ga_pc_vs_20dof_stage5_results\ga_candidate_cache.csv,ga_candidate_cache.csv,sensor_tuple:numeric-0idx,6,232,mean_unmon_nrmse,worst_unmon_nrmse,fitness,468,00000001100100000001
DOF7-DOF8-DOF11-DOF19,0.2921905536515015,0.5700895003864848,3.4224241252825967,F:\stt\传感器优化\ga_pc_vs_20dof_stage5_results\ga_candidate_cache.csv,ga_candidate_cache.csv,sensor_tuple:numeric-1idx,6,232,mean_unmon_nrmse,worst_unmon_nrmse,fitness,469,00000011001000000010
DOF7-DOF12-DOF13-DOF18,0.2932883037377892,0.5293026697438583,3.40961431892159,F:\stt\传感器优化\ga_pc_vs_20dof_stage5_results\ga_candidate_cache.csv,ga_candidate_cache.csv,sensor_tuple:numeric-1idx,6,227,mean_unmon_nrmse,worst_unmon_nrmse,fitness,470,00000010000110000100
DOF8-DOF13-DOF14-DOF19,0.2932883037377892,0.5293026697438583,3.40961431892159,F:\stt\传感器优化\ga_pc_vs_20dof_stage5_results\ga_candidate_cache.csv,ga_candidate_cache.csv,sensor_tuple:numeric-0idx,6,227,mean_unmon_nrmse,worst_unmon_nrmse,fitness,471,00000001000011000010
DOF8-DOF10-DOF11-DOF19,0.2959462443842701,0.594775235131037,3.378992026329537,F:\stt\传感器优化\ga_pc_vs_20dof_stage5_results\ga_candidate_cache.csv,ga_candidate_cache.csv,sensor_tuple:numeric-0idx,6,239,mean_unmon_nrmse,worst_unmon_nrmse,fitness,472,00000001011000000010
DOF7-DOF9-DOF10-DOF18,0.2959462443842701,0.594775235131037,3.378992026329537,F:\stt\传感器优化\ga_pc_vs_20dof_stage5_results\ga_candidate_cache.csv,ga_candidate_cache.csv,sensor_tuple:numeric-1idx,6,239,mean_unmon_nrmse,worst_unmon_nrmse,fitness,473,00000010110000000100
DOF8-DOF13-DOF14-DOF18,0.2985186155308507,0.5304828923306476,3.3498748418699678,F:\stt\传感器优化\ga_pc_vs_20dof_stage5_results\ga_candidate_cache.csv,ga_candidate_cache.csv,sensor_tuple:numeric-0idx,6,230,mean_unmon_nrmse,worst_unmon_nrmse,fitness,474,00000001000011000100
DOF7-DOF12-DOF13-DOF17,0.2985186155308507,0.5304828923306476,3.3498748418699678,F:\stt\传感器优化\ga_pc_vs_20dof_stage5_results\ga_candidate_cache.csv,ga_candidate_cache.csv,sensor_tuple:numeric-1idx,6,230,mean_unmon_nrmse,worst_unmon_nrmse,fitness,475,00000010000110001000
DOF8-DOF14-DOF16-DOF19,0.2988817841620758,0.5416714051652409,3.345804438367446,F:\stt\传感器优化\ga_pc_vs_20dof_stage5_results\ga_candidate_cache.csv,ga_candidate_cache.csv,sensor_tuple:numeric-0idx,6,231,mean_unmon_nrmse,worst_unmon_nrmse,fitness,476,00000001000001010010
DOF7-DOF13-DOF15-DOF18,0.2988817841620758,0.5416714051652409,3.345804438367446,F:\stt\传感器优化\ga_pc_vs_20dof_stage5_results\ga_candidate_cache.csv,ga_candidate_cache.csv,sensor_tuple:numeric-1idx,6,231,mean_unmon_nrmse,worst_unmon_nrmse,fitness,477,00000010000010100100
DOF7-DOF13-DOF17-DOF19,0.3000354262531933,0.5541919688631441,3.3329397547634563,F:\stt\传感器优化\ga_pc_vs_20dof_stage5_results\ga_candidate_cache.csv,ga_candidate_cache.csv,sensor_tuple:numeric-1idx,6,233,mean_unmon_nrmse,worst_unmon_nrmse,fitness,478,00000010000010001010
DOF8-DOF14-DOF18-DOF20,0.3000354262531933,0.5541919688631441,3.3329397547634563,F:\stt\传感器优化\ga_pc_vs_20dof_stage5_results\ga_candidate_cache.csv,ga_candidate_cache.csv,sensor_tuple:numeric-0idx,6,233,mean_unmon_nrmse,worst_unmon_nrmse,fitness,479,00000001000001000101
DOF1-DOF3-DOF19-DOF20,0.3001344483833324,0.6767497522754102,3.331840131591512,F:\stt\传感器优化\ga_pc_vs_20dof_stage5_results\ga_candidate_cache.csv,ga_candidate_cache.csv,sensor_tuple:numeric-0idx,6,242,mean_unmon_nrmse,worst_unmon_nrmse,fitness,480,10100000000000000011
DOF7-DOF13-DOF14-DOF16,0.3023932670664334,0.5716223580956252,3.3069519361256186,F:\stt\传感器优化\ga_pc_vs_20dof_stage5_results\ga_candidate_cache.csv,ga_candidate_cache.csv,sensor_tuple:numeric-1idx,6,236,mean_unmon_nrmse,worst_unmon_nrmse,fitness,481,00000010000011010000
DOF8-DOF14-DOF15-DOF17,0.3023932670664334,0.5716223580956252,3.3069519361256186,F:\stt\传感器优化\ga_pc_vs_20dof_stage5_results\ga_candidate_cache.csv,ga_candidate_cache.csv,sensor_tuple:numeric-0idx,6,236,mean_unmon_nrmse,worst_unmon_nrmse,fitness,482,00000001000001101000
DOF8-DOF14-DOF19-DOF20,0.303768533089548,0.5689500835783033,3.2919802121239394,F:\stt\传感器优化\ga_pc_vs_20dof_stage5_results\ga_candidate_cache.csv,ga_candidate_cache.csv,sensor_tuple:numeric-0idx,6,237,mean_unmon_nrmse,worst_unmon_nrmse,fitness,483,00000001000001000011
DOF7-DOF13-DOF18-DOF19,0.303768533089548,0.5689500835783033,3.2919802121239394,F:\stt\传感器优化\ga_pc_vs_20dof_stage5_results\ga_candidate_cache.csv,ga_candidate_cache.csv,sensor_tuple:numeric-1idx,6,237,mean_unmon_nrmse,worst_unmon_nrmse,fitness,484,00000010000010000110
DOF2-DOF3-DOF19-DOF20,0.3093083822222935,0.6834225427886468,3.233019398996073,F:\stt\传感器优化\ga_pc_vs_20dof_stage5_results\ga_candidate_cache.csv,ga_candidate_cache.csv,sensor_tuple:numeric-0idx,6,251,mean_unmon_nrmse,worst_unmon_nrmse,fitness,485,01100000000000000011
DOF1-DOF2-DOF18-DOF19,0.3093083822222935,0.6834225427886468,3.233019398996073,F:\stt\传感器优化\ga_pc_vs_20dof_stage5_results\ga_candidate_cache.csv,ga_candidate_cache.csv,sensor_tuple:numeric-1idx,6,251,mean_unmon_nrmse,worst_unmon_nrmse,fitness,486,11000000000000000110
DOF8-DOF9-DOF10-DOF20,0.3112261083849852,0.6592212888928081,3.2130980436891616,F:\stt\传感器优化\ga_pc_vs_20dof_stage5_results\ga_candidate_cache.csv,ga_candidate_cache.csv,sensor_tuple:numeric-0idx,6,246,mean_unmon_nrmse,worst_unmon_nrmse,fitness,487,00000001110000000001
DOF7-DOF8-DOF9-DOF19,0.3112261083849852,0.6592212888928081,3.2130980436891616,F:\stt\传感器优化\ga_pc_vs_20dof_stage5_results\ga_candidate_cache.csv,ga_candidate_cache.csv,sensor_tuple:numeric-1idx,6,246,mean_unmon_nrmse,worst_unmon_nrmse,fitness,488,00000011100000000010
DOF7-DOF8-DOF10-DOF13,0.3148744240797199,0.6362160705989447,3.1758692466671867,F:\stt\传感器优化\ga_pc_vs_20dof_stage5_results\ga_candidate_cache.csv,ga_candidate_cache.csv,sensor_tuple:numeric-0idx,6,243,mean_unmon_nrmse,worst_unmon_nrmse,fitness,489,00000011010010000000
DOF6-DOF7-DOF9-DOF12,0.3148744240797199,0.6362160705989447,3.1758692466671867,F:\stt\传感器优化\ga_pc_vs_20dof_stage5_results\ga_candidate_cache.csv,ga_candidate_cache.csv,sensor_tuple:numeric-1idx,6,243,mean_unmon_nrmse,worst_unmon_nrmse,fitness,490,00000110100100000000
DOF7-DOF15-DOF18-DOF19,0.3154428259483039,0.5878621809322588,3.17014659309676,F:\stt\传感器优化\ga_pc_vs_20dof_stage5_results\ga_candidate_cache.csv,ga_candidate_cache.csv,sensor_tuple:numeric-1idx,6,241,mean_unmon_nrmse,worst_unmon_nrmse,fitness,491,00000010000000100110
DOF8-DOF16-DOF19-DOF20,0.3154428259483039,0.5878621809322588,3.17014659309676,F:\stt\传感器优化\ga_pc_vs_20dof_stage5_results\ga_candidate_cache.csv,ga_candidate_cache.csv,sensor_tuple:numeric-0idx,6,241,mean_unmon_nrmse,worst_unmon_nrmse,fitness,492,00000001000000010011
DOF8-DOF12-DOF13-DOF15,0.3221425046377155,0.6369993054371967,3.1042162570925105,F:\stt\传感器优化\ga_pc_vs_20dof_stage5_results\ga_candidate_cache.csv,ga_candidate_cache.csv,sensor_tuple:numeric-0idx,6,249,mean_unmon_nrmse,worst_unmon_nrmse,fitness,493,00000001000110100000
DOF7-DOF11-DOF12-DOF14,0.3221425046377155,0.6369993054371967,3.1042162570925105,F:\stt\传感器优化\ga_pc_vs_20dof_stage5_results\ga_candidate_cache.csv,ga_candidate_cache.csv,sensor_tuple:numeric-1idx,6,249,mean_unmon_nrmse,worst_unmon_nrmse,fitness,494,00000010001101000000
DOF7-DOF8-DOF18-DOF19,0.322985346150533,0.6763597842941294,3.096115696626176,F:\stt\传感器优化\ga_pc_vs_20dof_stage5_results\ga_candidate_cache.csv,ga_candidate_cache.csv,sensor_tuple:numeric-1idx,6,258,mean_unmon_nrmse,worst_unmon_nrmse,fitness,495,00000011000000000110
DOF8-DOF9-DOF19-DOF20,0.322985346150533,0.6763597842941294,3.096115696626176,F:\stt\传感器优化\ga_pc_vs_20dof_stage5_results\ga_candidate_cache.csv,ga_candidate_cache.csv,sensor_tuple:numeric-0idx,6,258,mean_unmon_nrmse,worst_unmon_nrmse,fitness,496,00000001100000000011
DOF8-DOF17-DOF19-DOF20,0.3256229737006463,0.6196283967683508,3.0710363849089317,F:\stt\传感器优化\ga_pc_vs_20dof_stage5_results\ga_candidate_cache.csv,ga_candidate_cache.csv,sensor_tuple:numeric-0idx,6,247,mean_unmon_nrmse,worst_unmon_nrmse,fitness,497,00000001000000001011
DOF7-DOF16-DOF18-DOF19,0.3256229737006463,0.6196283967683508,3.0710363849089317,F:\stt\传感器优化\ga_pc_vs_20dof_stage5_results\ga_candidate_cache.csv,ga_candidate_cache.csv,sensor_tuple:numeric-1idx,6,247,mean_unmon_nrmse,worst_unmon_nrmse,fitness,498,00000010000000010110
DOF1-DOF4-DOF7-DOF11,0.335319602533382,0.635165498680279,2.9822294683695536,F:\stt\传感器优化\ga_pc_vs_20dof_stage5_results\ga_candidate_cache.csv,ga_candidate_cache.csv,sensor_tuple:numeric-0idx,6,256,mean_unmon_nrmse,worst_unmon_nrmse,fitness,499,10010010001000000000
DOF3-DOF4-DOF9-DOF11,0.335502199949063,0.640311270870771,2.9806063869293333,F:\stt\传感器优化\ga_pc_vs_20dof_stage5_results\ga_candidate_cache.csv,ga_candidate_cache.csv,sensor_tuple:numeric-0idx,6,257,mean_unmon_nrmse,worst_unmon_nrmse,fitness,500,00110000101000000000
DOF2-DOF3-DOF8-DOF10,0.335502199949063,0.640311270870771,2.9806063869293333,F:\stt\传感器优化\ga_pc_vs_20dof_stage5_results\ga_candidate_cache.csv,ga_candidate_cache.csv,sensor_tuple:numeric-1idx,6,257,mean_unmon_nrmse,worst_unmon_nrmse,fitness,501,01100001010000000000
DOF7-DOF8-DOF12-DOF13,0.3368704796460875,0.6638244103784507,2.9684999440960835,F:\stt\传感器优化\ga_pc_vs_20dof_stage5_results\ga_candidate_cache.csv,ga_candidate_cache.csv,sensor_tuple:numeric-1idx,6,262,mean_unmon_nrmse,worst_unmon_nrmse,fitness,502,00000011000110000000
DOF8-DOF9-DOF13-DOF14,0.3368704796460875,0.6638244103784507,2.9684999440960835,F:\stt\传感器优化\ga_pc_vs_20dof_stage5_results\ga_candidate_cache.csv,ga_candidate_cache.csv,sensor_tuple:numeric-0idx,6,262,mean_unmon_nrmse,worst_unmon_nrmse,fitness,503,00000001100011000000
DOF8-DOF9-DOF11-DOF14,0.33701194253078,0.6641364118621811,2.9672538975549827,F:\stt\传感器优化\ga_pc_vs_20dof_stage5_results\ga_candidate_cache.csv,ga_candidate_cache.csv,sensor_tuple:numeric-0idx,6,263,mean_unmon_nrmse,worst_unmon_nrmse,fitness,504,00000001101001000000
DOF9-DOF10-DOF14-DOF20,0.3395819319242765,0.5717713806194601,2.9447974287985548,F:\stt\传感器优化\ga_pc_vs_20dof_stage5_results\ga_candidate_cache.csv,ga_candidate_cache.csv,sensor_tuple:numeric-0idx,6,245,mean_unmon_nrmse,worst_unmon_nrmse,fitness,505,00000000110001000001
DOF8-DOF9-DOF13-DOF18,0.3396066506552562,0.5669720360196331,2.9445830877210417,F:\stt\传感器优化\ga_pc_vs_20dof_stage5_results\ga_candidate_cache.csv,ga_candidate_cache.csv,sensor_tuple:numeric-1idx,6,244,mean_unmon_nrmse,worst_unmon_nrmse,fitness,506,00000001100010000100
DOF9-DOF10-DOF14-DOF19,0.3396066506552562,0.5669720360196331,2.9445830877210417,F:\stt\传感器优化\ga_pc_vs_20dof_stage5_results\ga_candidate_cache.csv,ga_candidate_cache.csv,sensor_tuple:numeric-0idx,6,244,mean_unmon_nrmse,worst_unmon_nrmse,fitness,507,00000000110001000010
DOF1-DOF3-DOF6-DOF10,0.3416535045791093,0.6413078836940441,2.926942023407592,F:\stt\传感器优化\ga_pc_vs_20dof_stage5_results\ga_candidate_cache.csv,ga_candidate_cache.csv,sensor_tuple:numeric-1idx,6,260,mean_unmon_nrmse,worst_unmon_nrmse,fitness,508,10100100010000000000
DOF2-DOF4-DOF7-DOF11,0.3416535045791093,0.6413078836940441,2.926942023407592,F:\stt\传感器优化\ga_pc_vs_20dof_stage5_results\ga_candidate_cache.csv,ga_candidate_cache.csv,sensor_tuple:numeric-0idx,6,260,mean_unmon_nrmse,worst_unmon_nrmse,fitness,509,01010010001000000000
DOF8-DOF9-DOF12-DOF19,0.3442337895558252,0.5885097068481635,2.9050024440872697,F:\stt\传感器优化\ga_pc_vs_20dof_stage5_results\ga_candidate_cache.csv,ga_candidate_cache.csv,sensor_tuple:numeric-1idx,6,253,mean_unmon_nrmse,worst_unmon_nrmse,fitness,510,00000001100100000010
DOF9-DOF10-DOF13-DOF20,0.3442337895558252,0.5885097068481635,2.9050024440872697,F:\stt\传感器优化\ga_pc_vs_20dof_stage5_results\ga_candidate_cache.csv,ga_candidate_cache.csv,sensor_tuple:numeric-0idx,6,253,mean_unmon_nrmse,worst_unmon_nrmse,fitness,511,00000000110010000001
DOF8-DOF10-DOF13-DOF19,0.3444561262286143,0.5693059910552567,2.903127347293572,F:\stt\传感器优化\ga_pc_vs_20dof_stage5_results\ga_candidate_cache.csv,ga_candidate_cache.csv,sensor_tuple:numeric-1idx,6,248,mean_unmon_nrmse,worst_unmon_nrmse,fitness,512,00000001010010000010
DOF9-DOF11-DOF14-DOF20,0.3444561262286143,0.5693059910552567,2.903127347293572,F:\stt\传感器优化\ga_pc_vs_20dof_stage5_results\ga_candidate_cache.csv,ga_candidate_cache.csv,sensor_tuple:numeric-0idx,6,248,mean_unmon_nrmse,worst_unmon_nrmse,fitness,513,00000000101001000001
DOF9-DOF13-DOF14-DOF19,0.3462031172906334,0.5748981627660151,2.8884777463099023,F:\stt\传感器优化\ga_pc_vs_20dof_stage5_results\ga_candidate_cache.csv,ga_candidate_cache.csv,sensor_tuple:numeric-0idx,6,250,mean_unmon_nrmse,worst_unmon_nrmse,fitness,514,00000000100011000010
DOF8-DOF12-DOF13-DOF18,0.3462031172906334,0.5748981627660151,2.8884777463099023,F:\stt\传感器优化\ga_pc_vs_20dof_stage5_results\ga_candidate_cache.csv,ga_candidate_cache.csv,sensor_tuple:numeric-1idx,6,250,mean_unmon_nrmse,worst_unmon_nrmse,fitness,515,00000001000110000100
DOF8-DOF11-DOF12-DOF18,0.3467449160661434,0.5818159353020166,2.883964417826853,F:\stt\传感器优化\ga_pc_vs_20dof_stage5_results\ga_candidate_cache.csv,ga_candidate_cache.csv,sensor_tuple:numeric-1idx,6,254,mean_unmon_nrmse,worst_unmon_nrmse,fitness,516,00000001001100000100
DOF9-DOF12-DOF13-DOF19,0.3467449160661434,0.5818159353020166,2.883964417826853,F:\stt\传感器优化\ga_pc_vs_20dof_stage5_results\ga_candidate_cache.csv,ga_candidate_cache.csv,sensor_tuple:numeric-0idx,6,254,mean_unmon_nrmse,worst_unmon_nrmse,fitness,517,00000000100110000010
DOF8-DOF12-DOF13-DOF19,0.347289764795977,0.5797235137066702,2.879439883823218,F:\stt\传感器优化\ga_pc_vs_20dof_stage5_results\ga_candidate_cache.csv,ga_candidate_cache.csv,sensor_tuple:numeric-1idx,6,252,mean_unmon_nrmse,worst_unmon_nrmse,fitness,518,00000001000110000010
DOF9-DOF13-DOF14-DOF20,0.347289764795977,0.5797235137066702,2.879439883823218,F:\stt\传感器优化\ga_pc_vs_20dof_stage5_results\ga_candidate_cache.csv,ga_candidate_cache.csv,sensor_tuple:numeric-0idx,6,252,mean_unmon_nrmse,worst_unmon_nrmse,fitness,519,00000000100011000001
DOF7-DOF8-DOF10-DOF12,0.3509814762195883,0.6799628421031557,2.8491532110700626,F:\stt\传感器优化\ga_pc_vs_20dof_stage5_results\ga_candidate_cache.csv,ga_candidate_cache.csv,sensor_tuple:numeric-0idx,6,266,mean_unmon_nrmse,worst_unmon_nrmse,fitness,520,00000011010100000000
DOF6-DOF7-DOF9-DOF11,0.3509814762195883,0.6799628421031557,2.8491532110700626,F:\stt\传感器优化\ga_pc_vs_20dof_stage5_results\ga_candidate_cache.csv,ga_candidate_cache.csv,sensor_tuple:numeric-1idx,6,266,mean_unmon_nrmse,worst_unmon_nrmse,fitness,521,00000110101000000000
DOF9-DOF14-DOF16-DOF19,0.3537674417807408,0.5811058331160851,2.826715751352146,F:\stt\传感器优化\ga_pc_vs_20dof_stage5_results\ga_candidate_cache.csv,ga_candidate_cache.csv,sensor_tuple:numeric-0idx,6,255,mean_unmon_nrmse,worst_unmon_nrmse,fitness,522,00000000100001010010
DOF8-DOF13-DOF15-DOF18,0.3537674417807408,0.5811058331160851,2.826715751352146,F:\stt\传感器优化\ga_pc_vs_20dof_stage5_results\ga_candidate_cache.csv,ga_candidate_cache.csv,sensor_tuple:numeric-1idx,6,255,mean_unmon_nrmse,worst_unmon_nrmse,fitness,523,00000001000010100100
DOF9-DOF14-DOF18-DOF20,0.3550383323299097,0.5925112566602191,2.8165972767919625,F:\stt\传感器优化\ga_pc_vs_20dof_stage5_results\ga_candidate_cache.csv,ga_candidate_cache.csv,sensor_tuple:numeric-0idx,6,259,mean_unmon_nrmse,worst_unmon_nrmse,fitness,524,00000000100001000101
DOF8-DOF13-DOF17-DOF19,0.3550383323299097,0.5925112566602191,2.8165972767919625,F:\stt\传感器优化\ga_pc_vs_20dof_stage5_results\ga_candidate_cache.csv,ga_candidate_cache.csv,sensor_tuple:numeric-1idx,6,259,mean_unmon_nrmse,worst_unmon_nrmse,fitness,525,00000001000010001010
DOF9-DOF13-DOF19-DOF20,0.35711609387089,0.6136808540195904,2.800209839769179,F:\stt\传感器优化\ga_pc_vs_20dof_stage5_results\ga_candidate_cache.csv,ga_candidate_cache.csv,sensor_tuple:numeric-0idx,6,265,mean_unmon_nrmse,worst_unmon_nrmse,fitness,526,00000000100010000011
DOF8-DOF12-DOF18-DOF19,0.35711609387089,0.6136808540195904,2.800209839769179,F:\stt\传感器优化\ga_pc_vs_20dof_stage5_results\ga_candidate_cache.csv,ga_candidate_cache.csv,sensor_tuple:numeric-1idx,6,265,mean_unmon_nrmse,worst_unmon_nrmse,fitness,527,00000001000100000110
DOF8-DOF13-DOF18-DOF19,0.3588122656875763,0.6062813140244989,2.7869727309376024,F:\stt\传感器优化\ga_pc_vs_20dof_stage5_results\ga_candidate_cache.csv,ga_candidate_cache.csv,sensor_tuple:numeric-1idx,6,264,mean_unmon_nrmse,worst_unmon_nrmse,fitness,528,00000001000010000110
DOF9-DOF14-DOF19-DOF20,0.3588122656875763,0.6062813140244989,2.7869727309376024,F:\stt\传感器优化\ga_pc_vs_20dof_stage5_results\ga_candidate_cache.csv,ga_candidate_cache.csv,sensor_tuple:numeric-0idx,6,264,mean_unmon_nrmse,worst_unmon_nrmse,fitness,529,00000000100001000011
DOF9-DOF15-DOF16-DOF19,0.3591412211845233,0.5932883242223654,2.78442000252437,F:\stt\传感器优化\ga_pc_vs_20dof_stage5_results\ga_candidate_cache.csv,ga_candidate_cache.csv,sensor_tuple:numeric-0idx,6,261,mean_unmon_nrmse,worst_unmon_nrmse,fitness,530,00000000100000110010
DOF8-DOF14-DOF15-DOF18,0.3591412211845233,0.5932883242223654,2.78442000252437,F:\stt\传感器优化\ga_pc_vs_20dof_stage5_results\ga_candidate_cache.csv,ga_candidate_cache.csv,sensor_tuple:numeric-1idx,6,261,mean_unmon_nrmse,worst_unmon_nrmse,fitness,531,00000001000001100100
DOF8-DOF11-DOF12-DOF13,0.3671110787592725,0.6978916844785249,2.723971184353744,F:\stt\传感器优化\ga_pc_vs_20dof_stage5_results\ga_candidate_cache.csv,ga_candidate_cache.csv,sensor_tuple:numeric-0idx,6,268,mean_unmon_nrmse,worst_unmon_nrmse,fitness,532,00000001001110000000
DOF7-DOF10-DOF11-DOF12,0.3671110787592725,0.6978916844785249,2.723971184353744,F:\stt\传感器优化\ga_pc_vs_20dof_stage5_results\ga_candidate_cache.csv,ga_candidate_cache.csv,sensor_tuple:numeric-1idx,6,268,mean_unmon_nrmse,worst_unmon_nrmse,fitness,533,00000010011100000000
DOF9-DOF10-DOF19-DOF20,0.3721596584048716,0.693153172820787,2.6870188033906013,F:\stt\传感器优化\ga_pc_vs_20dof_stage5_results\ga_candidate_cache.csv,ga_candidate_cache.csv,sensor_tuple:numeric-0idx,6,270,mean_unmon_nrmse,worst_unmon_nrmse,fitness,534,00000000110000000011
DOF8-DOF9-DOF18-DOF19,0.3721596584048716,0.693153172820787,2.6870188033906013,F:\stt\传感器优化\ga_pc_vs_20dof_stage5_results\ga_candidate_cache.csv,ga_candidate_cache.csv,sensor_tuple:numeric-1idx,6,270,mean_unmon_nrmse,worst_unmon_nrmse,fitness,535,00000001100000000110
DOF8-DOF9-DOF10-DOF13,0.3885449839548892,0.7100274793253989,2.5737045677921513,F:\stt\传感器优化\ga_pc_vs_20dof_stage5_results\ga_candidate_cache.csv,ga_candidate_cache.csv,sensor_tuple:numeric-1idx,6,274,mean_unmon_nrmse,worst_unmon_nrmse,fitness,536,00000001110010000000
DOF9-DOF10-DOF11-DOF14,0.3885449839548892,0.7100274793253989,2.5737045677921513,F:\stt\传感器优化\ga_pc_vs_20dof_stage5_results\ga_candidate_cache.csv,ga_candidate_cache.csv,sensor_tuple:numeric-0idx,6,274,mean_unmon_nrmse,worst_unmon_nrmse,fitness,537,00000000111001000000
DOF1-DOF2-DOF7-DOF9,0.3899282125202446,0.702309564538566,2.564574626529535,F:\stt\传感器优化\ga_pc_vs_20dof_stage5_results\ga_candidate_cache.csv,ga_candidate_cache.csv,sensor_tuple:numeric-1idx,6,273,mean_unmon_nrmse,worst_unmon_nrmse,fitness,538,11000010100000000000
DOF2-DOF3-DOF7-DOF9,0.3903299692111682,0.7103570480788729,2.561934975216927,F:\stt\传感器优化\ga_pc_vs_20dof_stage5_results\ga_candidate_cache.csv,ga_candidate_cache.csv,sensor_tuple:numeric-1idx,6,275,mean_unmon_nrmse,worst_unmon_nrmse,fitness,539,01100010100000000000
DOF3-DOF4-DOF8-DOF10,0.3903299692111682,0.7103570480788729,2.561934975216927,F:\stt\传感器优化\ga_pc_vs_20dof_stage5_results\ga_candidate_cache.csv,ga_candidate_cache.csv,sensor_tuple:numeric-0idx,6,275,mean_unmon_nrmse,worst_unmon_nrmse,fitness,540,00110001010000000000
DOF3-DOF4-DOF9-DOF10,0.3903735819684623,0.7111458594392959,2.561648754392983,F:\stt\传感器优化\ga_pc_vs_20dof_stage5_results\ga_candidate_cache.csv,ga_candidate_cache.csv,sensor_tuple:numeric-0idx,6,276,mean_unmon_nrmse,worst_unmon_nrmse,fitness,541,00110000110000000000
DOF2-DOF3-DOF8-DOF9,0.3903735819684623,0.7111458594392959,2.561648754392983,F:\stt\传感器优化\ga_pc_vs_20dof_stage5_results\ga_candidate_cache.csv,ga_candidate_cache.csv,sensor_tuple:numeric-1idx,6,276,mean_unmon_nrmse,worst_unmon_nrmse,fitness,542,01100001100000000000
DOF3-DOF4-DOF6-DOF9,0.3915961563218594,0.7226033045231719,2.5536512140214414,F:\stt\传感器优化\ga_pc_vs_20dof_stage5_results\ga_candidate_cache.csv,ga_candidate_cache.csv,sensor_tuple:numeric-1idx,6,278,mean_unmon_nrmse,worst_unmon_nrmse,fitness,543,00110100100000000000
DOF4-DOF5-DOF7-DOF10,0.3915961563218594,0.7226033045231719,2.5536512140214414,F:\stt\传感器优化\ga_pc_vs_20dof_stage5_results\ga_candidate_cache.csv,ga_candidate_cache.csv,sensor_tuple:numeric-0idx,6,278,mean_unmon_nrmse,worst_unmon_nrmse,fitness,544,00011010010000000000
DOF2-DOF6-DOF8-DOF9,0.3937378890800769,0.7105565995825958,2.5397606573597598,F:\stt\传感器优化\ga_pc_vs_20dof_stage5_results\ga_candidate_cache.csv,ga_candidate_cache.csv,sensor_tuple:numeric-1idx,6,277,mean_unmon_nrmse,worst_unmon_nrmse,fitness,545,01000101100000000000
DOF3-DOF7-DOF9-DOF10,0.3937378890800769,0.7105565995825958,2.5397606573597598,F:\stt\传感器优化\ga_pc_vs_20dof_stage5_results\ga_candidate_cache.csv,ga_candidate_cache.csv,sensor_tuple:numeric-0idx,6,277,mean_unmon_nrmse,worst_unmon_nrmse,fitness,546,00100010110000000000
DOF7-DOF8-DOF10-DOF11,0.3938937984781345,0.7389035141688691,2.538755379904699,F:\stt\传感器优化\ga_pc_vs_20dof_stage5_results\ga_candidate_cache.csv,ga_candidate_cache.csv,sensor_tuple:numeric-0idx,6,280,mean_unmon_nrmse,worst_unmon_nrmse,fitness,547,00000011011000000000
DOF6-DOF7-DOF9-DOF10,0.3938937984781345,0.7389035141688691,2.538755379904699,F:\stt\传感器优化\ga_pc_vs_20dof_stage5_results\ga_candidate_cache.csv,ga_candidate_cache.csv,sensor_tuple:numeric-1idx,6,280,mean_unmon_nrmse,worst_unmon_nrmse,fitness,548,00000110110000000000
DOF4-DOF5-DOF8-DOF10,0.3963979141418175,0.7193902537042607,2.52271761359398,F:\stt\传感器优化\ga_pc_vs_20dof_stage5_results\ga_candidate_cache.csv,ga_candidate_cache.csv,sensor_tuple:numeric-0idx,6,279,mean_unmon_nrmse,worst_unmon_nrmse,fitness,549,00011001010000000000
DOF3-DOF4-DOF7-DOF9,0.3963979141418175,0.7193902537042607,2.52271761359398,F:\stt\传感器优化\ga_pc_vs_20dof_stage5_results\ga_candidate_cache.csv,ga_candidate_cache.csv,sensor_tuple:numeric-1idx,6,279,mean_unmon_nrmse,worst_unmon_nrmse,fitness,550,00110010100000000000
DOF10-DOF11-DOF14-DOF20,0.3975562064578766,0.6003420392900618,2.5153675977221615,F:\stt\传感器优化\ga_pc_vs_20dof_stage5_results\ga_candidate_cache.csv,ga_candidate_cache.csv,sensor_tuple:numeric-0idx,6,267,mean_unmon_nrmse,worst_unmon_nrmse,fitness,551,00000000011001000001
DOF9-DOF10-DOF13-DOF19,0.3975562064578766,0.6003420392900618,2.5153675977221615,F:\stt\传感器优化\ga_pc_vs_20dof_stage5_results\ga_candidate_cache.csv,ga_candidate_cache.csv,sensor_tuple:numeric-1idx,6,267,mean_unmon_nrmse,worst_unmon_nrmse,fitness,552,00000000110010000010
DOF10-DOF13-DOF14-DOF19,0.401654060145231,0.6009349330514276,2.489704696713207,F:\stt\传感器优化\ga_pc_vs_20dof_stage5_results\ga_candidate_cache.csv,ga_candidate_cache.csv,sensor_tuple:numeric-0idx,6,269,mean_unmon_nrmse,worst_unmon_nrmse,fitness,553,00000000010011000010
DOF9-DOF12-DOF13-DOF18,0.401654060145231,0.6009349330514276,2.489704696713207,F:\stt\传感器优化\ga_pc_vs_20dof_stage5_results\ga_candidate_cache.csv,ga_candidate_cache.csv,sensor_tuple:numeric-1idx,6,269,mean_unmon_nrmse,worst_unmon_nrmse,fitness,554,00000000100110000100
DOF9-DOF13-DOF17-DOF18,0.4063293176476735,0.607325797678383,2.4610579561099626,F:\stt\传感器优化\ga_pc_vs_20dof_stage5_results\ga_candidate_cache.csv,ga_candidate_cache.csv,sensor_tuple:numeric-1idx,6,271,mean_unmon_nrmse,worst_unmon_nrmse,fitness,555,00000000100010001100
DOF10-DOF14-DOF18-DOF19,0.4063293176476735,0.607325797678383,2.4610579561099626,F:\stt\传感器优化\ga_pc_vs_20dof_stage5_results\ga_candidate_cache.csv,ga_candidate_cache.csv,sensor_tuple:numeric-0idx,6,271,mean_unmon_nrmse,worst_unmon_nrmse,fitness,556,00000000010001000110
DOF10-DOF14-DOF19-DOF20,0.4107247382267645,0.6249376568355013,2.434720646033883,F:\stt\传感器优化\ga_pc_vs_20dof_stage5_results\ga_candidate_cache.csv,ga_candidate_cache.csv,sensor_tuple:numeric-0idx,6,272,mean_unmon_nrmse,worst_unmon_nrmse,fitness,557,00000000010001000011
DOF9-DOF13-DOF18-DOF19,0.4107247382267645,0.6249376568355013,2.434720646033883,F:\stt\传感器优化\ga_pc_vs_20dof_stage5_results\ga_candidate_cache.csv,ga_candidate_cache.csv,sensor_tuple:numeric-1idx,6,272,mean_unmon_nrmse,worst_unmon_nrmse,fitness,558,00000000100010000110
DOF9-DOF17-DOF18-DOF19,0.4357397865695882,0.7057752571540407,2.2949476518321186,F:\stt\传感器优化\ga_pc_vs_20dof_stage5_results\ga_candidate_cache.csv,ga_candidate_cache.csv,sensor_tuple:numeric-1idx,6,281,mean_unmon_nrmse,worst_unmon_nrmse,fitness,559,00000000100000001110
DOF10-DOF18-DOF19-DOF20,0.4357397865695882,0.7057752571540407,2.2949476518321186,F:\stt\传感器优化\ga_pc_vs_20dof_stage5_results\ga_candidate_cache.csv,ga_candidate_cache.csv,sensor_tuple:numeric-0idx,6,281,mean_unmon_nrmse,worst_unmon_nrmse,fitness,560,00000000010000000111
DOF3-DOF6-DOF8-DOF9,0.4492655892432862,0.7685883586467008,2.2258548705724586,F:\stt\传感器优化\ga_pc_vs_20dof_stage5_results\ga_candidate_cache.csv,ga_candidate_cache.csv,sensor_tuple:numeric-0idx,6,282,mean_unmon_nrmse,worst_unmon_nrmse,fitness,561,00100101100000000000
DOF2-DOF5-DOF7-DOF8,0.4492655892432862,0.7685883586467008,2.2258548705724586,F:\stt\传感器优化\ga_pc_vs_20dof_stage5_results\ga_candidate_cache.csv,ga_candidate_cache.csv,sensor_tuple:numeric-1idx,6,282,mean_unmon_nrmse,worst_unmon_nrmse,fitness,562,01001011000000000000
DOF3-DOF5-DOF8-DOF9,0.450545099844418,0.7689140028466285,2.219533627916717,F:\stt\传感器优化\ga_pc_vs_20dof_stage5_results\ga_candidate_cache.csv,ga_candidate_cache.csv,sensor_tuple:numeric-0idx,6,283,mean_unmon_nrmse,worst_unmon_nrmse,fitness,563,00101001100000000000
DOF2-DOF4-DOF7-DOF8,0.450545099844418,0.7689140028466285,2.219533627916717,F:\stt\传感器优化\ga_pc_vs_20dof_stage5_results\ga_candidate_cache.csv,ga_candidate_cache.csv,sensor_tuple:numeric-1idx,6,283,mean_unmon_nrmse,worst_unmon_nrmse,fitness,564,01010011000000000000
DOF1-DOF2-DOF3-DOF8,0.4905589442119822,0.7874464470010879,2.0384910147838173,F:\stt\传感器优化\ga_pc_vs_20dof_stage5_results\ga_candidate_cache.csv,ga_candidate_cache.csv,sensor_tuple:numeric-0idx,6,285,mean_unmon_nrmse,worst_unmon_nrmse,fitness,565,11100001000000000000
DOF1-DOF3-DOF4-DOF8,0.494112229641389,0.7935356631874004,2.0238317127340575,F:\stt\传感器优化\ga_pc_vs_20dof_stage5_results\ga_candidate_cache.csv,ga_candidate_cache.csv,sensor_tuple:numeric-0idx,6,286,mean_unmon_nrmse,worst_unmon_nrmse,fitness,566,10110001000000000000
DOF1-DOF3-DOF6-DOF7,0.5066697000683957,0.7983585801363549,1.9736723941909997,F:\stt\传感器优化\ga_pc_vs_20dof_stage5_results\ga_candidate_cache.csv,ga_candidate_cache.csv,sensor_tuple:numeric-1idx,6,287,mean_unmon_nrmse,worst_unmon_nrmse,fitness,567,10100110000000000000
DOF11-DOF13-DOF18-DOF19,0.5208472405688699,0.6685259922417449,1.9199487337321381,F:\stt\传感器优化\ga_pc_vs_20dof_stage5_results\ga_candidate_cache.csv,ga_candidate_cache.csv,sensor_tuple:numeric-1idx,6,284,mean_unmon_nrmse,worst_unmon_nrmse,fitness,568,00000000001010000110
DOF12-DOF14-DOF19-DOF20,0.5208472405688699,0.6685259922417449,1.9199487337321381,F:\stt\传感器优化\ga_pc_vs_20dof_stage5_results\ga_candidate_cache.csv,ga_candidate_cache.csv,sensor_tuple:numeric-0idx,6,284,mean_unmon_nrmse,worst_unmon_nrmse,fitness,569,00000000000101000011
DOF12-DOF13-DOF18-DOF19,0.5791317115759917,0.731659266230415,1.726722919863898,F:\stt\传感器优化\ga_pc_vs_20dof_stage5_results\ga_candidate_cache.csv,ga_candidate_cache.csv,sensor_tuple:numeric-1idx,6,288,mean_unmon_nrmse,worst_unmon_nrmse,fitness,570,00000000000110000110
DOF13-DOF14-DOF19-DOF20,0.5791317115759917,0.731659266230415,1.726722919863898,F:\stt\传感器优化\ga_pc_vs_20dof_stage5_results\ga_candidate_cache.csv,ga_candidate_cache.csv,sensor_tuple:numeric-0idx,6,288,mean_unmon_nrmse,worst_unmon_nrmse,fitness,571,00000000000011000011
DOF13-DOF14-DOF18-DOF19,0.6477879195790304,0.8070513547763553,1.543715110723759,F:\stt\传感器优化\ga_pc_vs_20dof_stage5_results\ga_candidate_cache.csv,ga_candidate_cache.csv,sensor_tuple:numeric-1idx,6,289,mean_unmon_nrmse,worst_unmon_nrmse,fitness,572,00000000000011000110
DOF14-DOF15-DOF19-DOF20,0.6477879195790304,0.8070513547763553,1.543715110723759,F:\stt\传感器优化\ga_pc_vs_20dof_stage5_results\ga_candidate_cache.csv,ga_candidate_cache.csv,sensor_tuple:numeric-0idx,6,289,mean_unmon_nrmse,worst_unmon_nrmse,fitness,573,00000000000001100011
DOF13-DOF16-DOF18-DOF19,0.6503318249605674,0.8095969014622668,1.5376765546712972,F:\stt\传感器优化\ga_pc_vs_20dof_stage5_results\ga_candidate_cache.csv,ga_candidate_cache.csv,sensor_tuple:numeric-1idx,6,290,mean_unmon_nrmse,worst_unmon_nrmse,fitness,574,00000000000010010110
DOF14-DOF17-DOF19-DOF20,0.6503318249605674,0.8095969014622668,1.5376765546712972,F:\stt\传感器优化\ga_pc_vs_20dof_stage5_results\ga_candidate_cache.csv,ga_candidate_cache.csv,sensor_tuple:numeric-0idx,6,290,mean_unmon_nrmse,worst_unmon_nrmse,fitness,575,00000000000001001011
DOF15-DOF16-DOF18-DOF19,0.7004804977161467,0.854370154197827,1.4275914936375558,F:\stt\传感器优化\ga_pc_vs_20dof_stage5_results\ga_candidate_cache.csv,ga_candidate_cache.csv,sensor_tuple:numeric-0idx,6,291,mean_unmon_nrmse,worst_unmon_nrmse,fitness,576,00000000000000110110
DOF14-DOF15-DOF17-DOF18,0.7004804977161467,0.854370154197827,1.4275914936375558,F:\stt\传感器优化\ga_pc_vs_20dof_stage5_results\ga_candidate_cache.csv,ga_candidate_cache.csv,sensor_tuple:numeric-1idx,6,291,mean_unmon_nrmse,worst_unmon_nrmse,fitness,577,00000000000001101100
